lemma,freq
UNK,459
в,356
и,171
год,119
гондурас,115
с,100
на,90
сальвадор,78
быть,67
по,46
он,46
фильм,46
грант,43
сальвадорский,37
который,36
из,34
к,34
страна,32
война,30
два,28
июль,26
а,25
что,24
сборная,24
правительство,24
они,22
о,21
за,21
стать,21
место,20
после,20
свой,20
роль,20
не,20
территория,20
июнь,19
матч,19
между,19
граница,19
от,18
актёр,18
участие,17
для,17
тот,16
один,16
сальвадорец,16
где,15
этот,15
самолёт,15
футбольный,15
гондурасский,15
войско,15
как,14
время,14
карьера,14
также,14
это,14
же,14
чемпионат,14
мир,14
конфликт,14
день,14
армия,13
военный,13
англ,13
история,12
сила,12
тысяча,12
начать,11
начало,11
город,11
турнир,11
вооружённый,11
футбол,11
земля,11
гражданин,11
до,10
но,10
кинтанилья,10
район,10
действие,10
ввс,10
работа,9
сняться,9
получить,9
американский,9
сша,9
несколько,9
cary,9
grant,9
p,9
isbn,9
конкакаф,9
оба,9
сторона,9
отношение,9
поздний,8
следующий,8
комедия,8
успех,8
сыграть,8
выйти,8
картина,8
такой,8
первый,8
весь,8
последний,8
группа,8
три,8
занять,8
the,8
of,8
экономический,8
линия,8
памятник,7
более,7
кэри,7
актёрский,7
премия,7
самый,7
течение,7
критик,7
только,7
человек,7
иметь,7
второй,7
a,7
позиция,7
гол,7
кубок,7
забить,7
de,7
при,7
заявить,7
боевой,7
пушкин,6
находиться,6
провести,6
высокий,6
другой,6
список,6
театр,6
период,6
романтический,6
кино,6
национальный,6
оскар,6
золотой,6
когда,6
хороший,6
несмотря,6
принять,6
результат,6
образ,6
часть,6
начаться,6
команда,6
америка,6
финальный,6
центральноамериканский,6
столкновение,6
ход,6
около,6
прекращение,6
la,6
истребитель,6
км,6
бой,6
дом,5
проект,5
примечание,5
кинематограф,5
драма,5
хичкок,5
являться,5
пять,5
она,5
у,5
через,5
различный,5
съёмка,5
спустя,5
раз,5
режиссёр,5
сам,5
участвовать,5
среди,5
значительный,5
хосе,5
однако,5
состав,5
составить,5
press,5
привести,5
этап,5
сентябрь,5
отборочный,5
январь,5
продолжаться,5
общий,5
четыре,5
дополнительный,5
соглашение,5
положение,5
земельный,5
произойти,5
президент,5
воздушный,5
сбить,5
оаг,5
улица,4
октябрь,4
представлять,4
себя,4
входить,4
кинокарьера,4
голливуд,4
комедийный,4
широкий,4
стэнли,4
внести,4
или,4
выступать,4
качество,4
постановка,4
девять,4
пользоваться,4
игра,4
исполнить,4
появиться,4
под,4
продолжать,4
включая,4
трудность,4
предложить,4
подписать,4
контракт,4
мелодрама,4
мирный,4
хепбёрн,4
успешный,4
вместе,4
воспитание,4
крошка,4
публика,4
популярность,4
акцент,4
девушка,4
газета,4
большой,4
третий,4
номинация,4
впервые,4
половина,4
должный,4
север,4
иностранный,4
известный,4
источник,4
university,4
исп,4
играть,4
чемпион,4
погибнуть,4
достижение,4
фифа,4
обыграть,4
северный,4
центральный,4
чем,4
против,4
развитой,4
договор,4
цаор,4
затем,4
вопрос,4
населить,4
собственность,4
мигрант,4
пункт,4
занятой,4
тегусигальпа,4
нападение,4
ответ,4
выступить,4
разместить,4
приграничный,4
вылететь,4
огонь,4
столица,4
час,4
безопасность,4
рождение,3
русский,3
поэт,3
май,3
уже,3
соседний,3
малый,3
назвать,3
бронзовый,3
радио,3
конец,3
известность,3
альфред,3
сидень,3
донить,3
реестр,3
библиотека,3
конгресс,3
дважды,3
присоединиться,3
труппа,3
отправиться,3
принимать,3
месяц,3
зритель,3
номер,3
мюзикл,3
пока,3
решить,3
принести,3
предстать,3
кэтрин,3
срок,3
заключить,3
правда,3
айрин,3
данна,3
лишь,3
приобрести,3
многие,3
попытка,3
рабочий,3
филадельфийский,3
пригласить,3
триллер,3
начинать,3
друг,3
герой,3
критика,3
мистер,3
впоследствии,3
дурной,3
слава,3
г,3
дальнейший,3
вор,3
хотя,3
больший,3
операция,3
ни,3
бежать,3
уйти,3
документальный,3
короткометражный,3
шоу,3
великий,3
журнал,3
шесть,3
books,3
ссылка,3
сайт,3
участник,3
победный,3
альянс,3
титул,3
март,3
жизнь,3
поражение,3
счёт,3
мексика,3
honduras,3
международный,3
организация,3
федерация,3
мочь,3
призёр,3
soccer,3
проиграть,3
мяч,3
установить,3
guerra,3
рынок,3
причина,3
кроме,3
оказаться,3
предоставить,3
экономика,3
декабрь,3
задолженность,3
ещё,3
проблема,3
поселенец,3
испытывать,3
землевладелец,3
рост,3
гвардия,3
инцидент,3
реформа,3
население,3
объявить,3
протест,3
проживать,3
апрель,3
дать,3
дело,3
заявление,3
дипломатический,3
жертва,3
транспортный,3
артиллерия,3
командование,3
подразделение,3
наступление,3
батальон,3
цель,3
бомбить,3
департамент,3
зона,3
гарантия,3
предложение,3
согласиться,3
решение,3
убитый,3
оон,3
el,3
переоборудовать,3
and,3
war,3
бауманский,2
скульптурный,2
изображение,2
бюст,2
установленный,2
писатель,2
александр,2
сергеевич,2
соорудить,2
ранее,2
ныне,2
школа,2
имя,2
открыть,2
скульптор,2
гранит,2
многочисленный,2
юный,2
возраст,2
мемориальный,2
доска,2
создать,2
творческий,2
полнометражный,2
сниматься,2
небольшой,2
благодаря,2
преимущественно,2
говард,2
хоукса,2
шелдон,2
ряд,2
кинокартина,2
десять,2
исторический,2
номинировать,2
глобус,2
выдающийся,2
век,2
арчибальд,2
алек,2
акробатический,2
ходуля,2
тур,2
остаться,2
хаммерштейн,2
высоко,2
оценить,2
молодой,2
брат,2
шуберт,2
театральный,2
уильям,2
киноиндустрия,2
paramount,2
выбрать,2
ночь,2
глубина,2
сильвия,2
провальный,2
плохой,2
приключенческий,2
крыло,2
коммерческий,2
план,2
совместный,2
columbia,2
позволить,2
вскоре,2
знаковый,2
топпер,2
ужасный,2
кинолента,2
отзыв,2
культовый,2
статус,2
британский,2
пилот,2
обладать,2
уникальный,2
общество,2
пятница,2
стремиться,2
вернуть,2
бывший,2
супруг,2
стюарт,2
роджер,2
партнёрша,2
подозрение,2
сотрудничество,2
потом,2
её,2
разный,2
оценка,2
фрэнк,2
мышьяк,2
старый,2
кружево,2
одноимённый,2
прокат,2
вновь,2
главный,2
бергман,2
агент,2
шпион,2
так,2
блэндингз,2
строить,2
мечта,2
каждый,2
солдат,2
юбка,2
капитан,2
кризис,2
поймать,2
попасть,2
процесс,2
критический,2
незабываемый,2
роман,2
последующий,2
сэр,2
четвёртый,2
наиболее,2
атаковать,2
над,2
достигнуть,2
окончательно,2
деятельность,2
появление,2
помимо,2
работать,2
появляться,2
часто,2
версия,2
afi,2
обойтись,2
рейтинг,2
единственный,2
литература,2
films,2
encyclopedia,2
graham,2
database,2
футболист,2
автор,2
ворота,2
шестидневный,2
основный,2
выиграть,2
чемпионский,2
перейти,2
атлетико,2
онс,2
мунисипаль,2
групповой,2
завершиться,2
решающий,2
отбор,2
гибель,2
победитель,2
n,2
f,2
tbol,2
подняться,2
гватемала,2
длительный,2
слабый,2
медленно,2
расти,2
проигрыш,2
непосредственный,2
повод,2
сборный,2
гондурасец,2
всё,2
канада,2
вничью,2
одновременно,2
испания,2
занимать,2
золото,2
нация,2
стадия,2
вызвать,2
состояние,2
официальный,2
название,2
потеря,2
демаркация,2
преимущество,2
подписание,2
свободный,2
торговля,2
промышленность,2
ввести,2
чрезвычайный,2
сначала,2
составлять,2
почти,2
имущество,2
площадь,2
государство,2
крупный,2
голод,2
крестьянин,2
гектар,2
сельскохозяйственный,2
большинство,2
возникать,2
нелегальный,2
переселенец,2
гражданский,2
застрелить,2
альберто,2
потребовать,2
закон,2
соответствие,2
предоставление,2
оставаться,2
без,2
рассмотрение,2
пограничный,2
грузовик,2
напряжение,2
двусторонний,2
режим,2
политический,2
использовать,2
забастовка,2
осадный,2
документ,2
требовать,2
информация,2
развернуть,2
безработица,2
перенаселить,2
поток,2
беженец,2
служба,2
недовольство,2
социальный,2
поддержка,2
открытый,2
выход,2
масштаб,2
флаг,2
право,2
требование,2
рассмотреть,2
министр,2
преследование,2
угроза,2
целое,2
млн,2
доллар,2
штурмовик,2
бортовый,2
пространство,2
вернуться,2
перебросить,2
авиабаза,2
данные,2
военнослужащий,2
сообщение,2
селение,2
пехотный,2
генерал,2
грасьяс,2
нанести,2
удар,2
повредить,2
продвинуться,2
усилиться,2
захватить,2
воздух,2
президентский,2
нуэв,2
окотепек,2
урегулирование,2
прекратить,2
расстояние,2
авиабомба,2
санчёс,2
бомба,2
отвод,2
вывести,2
призыв,2
август,2
количество,2
раненый,2
парламент,2
основное,2
суд,2
память,2
бомбардировщик,2
stanford,2
salvador,2
па,1
мятник,1
пу,1
шкина,1
москва,1
предполагать,1
вблизи,1
немецкий,1
предполагаться,1
родиться,1
исследование,1
установка,1
показывать,1
скорее,1
почтовый,1
деревянный,1
снести,1
советский,1
построить,1
описание,1
екатерина,1
белашов,1
архитектор,1
ю,1
соколов,1
композиция,1
четырёхграть,1
постамент,1
полировать,1
отличие,1
состоять,1
изображать,1
стена,1
красный,1
барельеф,1
константин,1
кошкин,1
надпись,1
охватывать,1
семьдесят,1
водевиль,1
бродвей,1
перебраться,1
докодексовый,1
бурлескный,1
середина,1
активно,1
классика,1
культурный,1
эстетический,1
значение,1
кинопремия,1
считаться,1
путь,1
уроженец,1
бристоль,1
лич,1
сменить,1
подростковый,1
водевильный,1
боб,1
пендёр,1
обучать,1
трюк,1
хождение,1
пантомима,1
провинциальный,1
англия,1
гастрольный,1
ревю,1
ходок,1
длиться,1
окончание,1
гастролировать,1
дебютировать,1
бродвейский,1
реджи,1
рассвет,1
неоднозначный,1
реакция,1
компетентный,1
новичок,1
рекс,1
ван,1
зил,1
полль,1
руководство,1
уличный,1
певец,1
музыка,1
нина,1
роза,1
уволить,1
финансовый,1
импресарио,1
б,1
фридландер,1
никки,1
тридцать,1
выступление,1
спектакль,1
отменить,1
попробовать,1
студия,1
сценический,1
псевдоним,1
дебют,1
второстепенный,1
персонаж,1
копьё,1
стивен,1
мэтьюсон,1
белокурый,1
венера,1
марлен,1
дитрих,1
дьявол,1
таллул,1
бэнкхед,1
мадам,1
баттерфляй,1
закрепить,1
репутация,1
восходящий,1
последовать,1
родить,1
поцелуй,1
накрасить,1
губа,1
дама,1
стоить,1
послушать,1
тьма,1
лой,1
джордж,1
кьюкора,1
скарлетта,1
мошенник,1
джимми,1
монкли,1
пара,1
неудача,1
похвала,1
истечь,1
rko,1
pictures,1
выбирать,1
соответствовать,1
стиль,1
заключение,1
констанс,1
беннетт,1
роланд,1
янг,1
ральф,1
белла,1
праздник,1
благожелательный,1
плохо,1
обрести,1
сержант,1
каттер,1
ганг,1
дин,1
джефф,1
картер,1
ангел,1
есть,1
богач,1
уокер,1
слово,1
закрепиться,1
амплуа,1
красивый,1
уходить,1
светский,1
необычный,1
безупречный,1
манер,1
остроумие,1
элегантность,1
вперёд,1
отличительный,1
особенность,1
своеобразный,1
произношение,1
сформироваться,1
усердный,1
избавиться,1
сильный,1
лондонский,1
класс,1
переезд,1
сочетание,1
английский,1
язык,1
кокнуть,1
австралийский,1
диалект,1
визитный,1
карточка,1
воплотить,1
самоуверенный,1
властолюбивый,1
главное,1
редактор,1
чикагский,1
репортёр,1
сыгранный,1
розалинда,1
расселла,1
мой,1
любимый,1
джеймс,1
журналист,1
адамс,1
чрезвычайно,1
грошовый,1
серенада,1
актриса,1
категория,1
мужской,1
психологический,1
положить,1
обаятельный,1
плейбой,1
джонни,1
эйсгарт,1
жениться,1
богатый,1
семья,1
джоан,1
фонтейн,1
подозревать,1
муж,1
убийство,1
убить,1
ради,1
деньга,1
привлекательный,1
непутёвый,1
повеса,1
мрачный,1
зловещий,1
способный,1
совершение,1
преступление,1
навязать,1
киностудия,1
счастливый,1
финал,1
тепло,1
встретить,1
удостоиться,1
оглушительный,1
говорить,1
однажды,1
медовый,1
счастливчик,1
курс,1
токио,1
выпустить,1
капра,1
снятой,1
пьеса,1
джозеф,1
кессельринг,1
мортимера,1
брюстер,1
узнать,1
страшный,1
благодетельный,1
тётушка,1
лента,1
расценивать,1
драматический,1
одинокий,1
сердце,1
киноадаптация,1
книга,1
ричард,1
луэллин,1
безответственный,1
бездельник,1
эрня,1
мотт,1
поработать,1
съёмочный,1
площадка,1
шпионский,1
ингрид,1
клод,1
рейнс,1
циничный,1
правительственный,1
девлина,1
добиваться,1
дочь,1
нацистский,1
выполнение,1
особый,1
задание,1
влюбляться,1
признание,1
холостяк,1
девчонка,1
поттер,1
жена,1
епископ,1
ангела,1
дадли,1
замуж,1
доктор,1
мэдисон,1
браун,1
анри,1
рошара,1
претерпеть,1
спад,1
коммерчески,1
неудачный,1
феррер,1
полый,1
реймонд,1
сказать,1
джинн,1
крейн,1
обезьяний,1
проделка,1
джинджер,1
роджерс,1
мэрилин,1
монро,1
серия,1
рассматривать,1
возможность,1
уход,1
измениться,1
джон,1
робь,1
грейс,1
келли,1
череда,1
ограбление,1
совершать,1
отнестись,1
неоднозначно,1
кассовый,1
сбор,1
степень,1
способствовать,1
возрождение,1
синатрой,1
софи,1
лорен,1
костюмировать,1
крамер,1
гордость,1
страсть,1
производство,1
негативный,1
ремейк,1
лео,1
маккэри,1
хит,1
аналогичный,1
продолжить,1
милый,1
мелвилл,1
шавельзон,1
плавучий,1
рекламный,1
менеджер,1
торнхилл,1
ошибочно,1
разведка,1
войти,1
сцена,1
убегать,1
кукурузный,1
поле,1
заметный,1
мэттью,1
шермана,1
нижний,1
звёздный,1
дебора,1
керра,1
роберт,1
митч,1
джина,1
симмонс,1
трава,1
зелёный,1
ожидать,1
дорис,1
дэя,1
мех,1
норка,1
детективный,1
шарада,1
одри,1
папа,1
гусь,1
благосклонно,1
кинокритик,1
промышленник,1
ратленд,1
идти,1
завершение,1
заниматься,1
предпринимательский,1
фильмография,1
художественный,1
b,1
c,1
эфир,1
радиопередача,1
двадцать,1
регулярно,1
программа,1
радиотеатр,1
люкс,1
гильдия,1
киноактёр,1
серебряный,1
исполнять,1
радиоспектакль,1
адаптация,1
гость,1
развлекательный,1
эдди,1
кантор,1
бёрнс,1
аллен,1
кинонаграда,1
наследие,1
кинофильм,1
институт,1
киноискусство,1
entertainment,1
weekly,1
согласно,1
рейтинговый,1
восемь,1
нечестно,1
смешной,1
число,1
включить,1
страстный,1
второе,1
хамфри,1
богарт,1
звезда,1
bafta,1
удостоить,1
награда,1
давид,1
ди,1
донателло,1
заслуга,1
комментарий,1
deschner,1
donald,1
citadel,1
dunning,1
john,1
on,1
air,1
radio,1
usa,1
oxford,1
eliot,1
marc,1
biography,1
harmony,1
higham,1
charles,1
moseley,1
roy,1
lonely,1
heart,1
avon,1
mccann,1
class,1
apart,1
schickel,1
richard,1
celebration,1
pavilion,1
vermilye,1
jerry,1
galahad,1
wansell,1
geoffrey,1
dark,1
angel,1
arcade,1
pub,1
webb,1
american,1
short,1
mcfarland,1
internet,1
movie,1
filmography,1
allmovie,1
анто,1
нио,1
кинтаня,1
лья,1
эскоба,1
р,1
jos,1
antonio,1
quintanilla,1
escobar,1
сонсоната,1
ауачапан,1
полузащитник,1
биография,1
клубный,1
завоевать,1
эксельсиор,1
сезон,1
клуб,1
олимпийский,1
минута,1
называть,1
пипо,1
родригес,1
бельгия,1
дтп,1
автомобиль,1
ехать,1
тренировка,1
лига,1
selecci,1
управлять,1
автономный,1
член,1
разгромить,1
похвастаться,1
ограничиваться,1
локальный,1
удача,1
победа,1
никарагуа,1
уровень,1
интерес,1
верно,1
полуфинал,1
явиться,1
прийтись,1
проведение,1
именовать,1
блестяще,1
таблица,1
ниже,1
гаити,1
куба,1
поскольку,1
защищать,1
честь,1
карибский,1
бассейн,1
достойно,1
смочь,1
добыть,1
ничья,1
хозяин,1
ирландия,1
минимальный,1
югославия,1
раунд,1
момент,1
прошедшее,1
колумбия,1
четвертьфинал,1
сенсационно,1
бразилия,1
уругвай,1
призовой,1
престижный,1
признаваться,1
быстро,1
прогрессировать,1
world,1
мффиис,1
юар,1
взять,1
очко,1
швейцария,1
встреча,1
чили,1
катр,1
чос,1
остальной,1
то,1
ямайка,1
кюрасао,1
поразить,1
соперник,1
единожды,1
игрок,1
тренер,1
эрнан,1
дарио,1
гомес,1
февраль,1
голый,1
форма,1
домашний,1
гостевой,1
резервный,1
del,1
сточасовой,1
скоротечный,1
послужить,1
объясняться,1
данный,1
скоротечность,1
дорого,1
расстроить,1
региональный,1
интеграционный,1
предыстория,1
давний,1
xix,1
спор,1
относительно,1
деловой,1
круг,1
раздражить,1
существенный,1
торговый,1
правило,1
первоначально,1
интеграция,1
основа,1
возникнуть,1
промышленно,1
проигрывать,1
стабилизация,1
вынудить,1
налог,1
товар,1
потребление,1
размер,1
увеличить,1
сумма,1
позволять,1
ликвидировать,1
укрепить,1
комплекс,1
связать,1
малое,1
густонаселённый,1
острый,1
нехватка,1
пригодный,1
обработка,1
контролироваться,1
приводить,1
миграция,1
безземельный,1
гораздо,1
сосед,1
густо,1
экономически,1
свыше,1
назначение,1
компания,1
увеличивать,1
переселение,1
поиск,1
заработок,1
прибывать,1
незаконно,1
пустовать,1
обрабатывать,1
целый,1
поселение,1
соглашаться,1
банановый,1
плантация,1
плата,1
местный,1
антисальвадорский,1
настроение,1
лето,1
патруль,1
чавес,1
alberto,1
ch,1
vez,1
ухудшение,1
официально,1
расследование,1
обстоятельство,1
перераспределение,1
польза,1
просьба,1
гражданство,1
власть,1
депортация,1
напрячь,1
животновод,1
охрана,1
задержать,1
ухудшить,1
эскалация,1
постепенно,1
усиливаться,1
предшествовать,1
освальдо,1
лопес,1
арельяно,1
удобный,1
козёл,1
отпущение,1
управляться,1
отвлечь,1
внимание,1
насущный,1
внутриполитический,1
особенно,1
сложный,1
обстановка,1
побережье,1
вспыхнуть,1
промышленный,1
предприятие,1
мелкий,1
торговец,1
ремесленник,1
студент,1
столичный,1
университет,1
направить,1
полиция,1
подавление,1
подавить,1
гуанако,1
выходец,1
иной,1
легализовать,1
отказаться,1
продлить,1
иммиграция,1
оно,1
намерение,1
лишать,1
высылать,1
кто,1
рамка,1
аграрный,1
доказательство,1
приобретатель,1
средство,1
массовый,1
кампания,1
объяснять,1
снижение,1
зарплата,1
наплыв,1
массово,1
выселять,1
депортировать,1
потянуться,1
лишённый,1
рассказ,1
заполнить,1
страница,1
экран,1
телевизор,1
циркулировать,1
слух,1
насилие,1
чинить,1
высылка,1
иммигрант,1
приближаться,1
точка,1
государственный,1
справляться,1
согнать,1
грозить,1
вылиться,1
взрыв,1
доверие,1
падать,1
помочь,1
накануне,1
спровоцировать,1
случай,1
если,1
бы,1
назначаться,1
беспорядок,1
некий,1
гражданка,1
застрелиться,1
пережить,1
позор,1
угрожать,1
избитый,1
болельщик,1
сжечь,1
прокатиться,1
ответный,1
волна,1
обратиться,1
межамериканский,1
комиссия,1
эмоция,1
накалиться,1
предел,1
пресса,1
настоящий,1
истерия,1
оскорбительный,1
поведение,1
стадион,1
подвергаться,1
мобилизация,1
сразу,1
антонио,1
разорвать,1
материальный,1
лагерь,1
обстрелять,1
зенитный,1
лёгкий,1
piper,1
cherokee,1
нарушить,1
перехват,1
здесь,1
comando,1
norte,1
fuerza,1
rea,1
hondure,1
некоторый,1
сведение,1
вслед,1
перемещение,1
армейский,1
японский,1
асаха,1
симбуна,1
перестрелка,1
стрельба,1
возле,1
ранний,1
утром,1
переслать,1
рот,1
свести,1
медраный,1
развиваться,1
вдоль,1
дорога,1
соединять,1
направление,1
аэродром,1
тонконтина,1
скопление,1
принадлежащий,1
остров,1
залив,1
фонсек,1
авианалёт,1
совершить,1
вынужденный,1
посадка,1
интернировать,1
населённый,1
чолутека,1
илопанго,1
полоса,1
серьёзно,1
нефтехранилище,1
наземный,1
поначалу,1
сопутствовать,1
вечер,1
противостоящий,1
впрочем,1
захлебнуться,1
недостаток,1
топливо,1
боеприпас,1
противодействие,1
собрать,1
сессия,1
призвать,1
вывод,1
предпринять,1
контрнаступление,1
чалатенанго,1
прямой,1
приказ,1
guardia,1
honor,1
battalion,1
задействовать,1
сопровождать,1
ожесточённый,1
расположить,1
сделать,1
нанесение,1
встретиться,1
cavalier,1
mustang,1
ii,1
goodyear,1
corsair,1
s,1
отвести,1
миля,1
защита,1
готовый,1
текст,1
поправка,1
обсуждение,1
затянуть,1
переговорный,1
возобновиться,1
напалм,1
предварительный,1
подсчёт,1
поднять,1
эрнандес,1
въехать,1
танк,1
неподалёку,1
отбить,1
атака,1
сообщить,1
сбросить,1
колонна,1
гринвич,1
вступить,1
перемирие,1
полностью,1
прекратиться,1
удерживать,1
производить,1
никакой,1
подготовка,1
напротив,1
перебрасывать,1
снаряжение,1
печатный,1
издание,1
публиковать,1
обосновываться,1
инспекционный,1
поездка,1
сопротивляться,1
чтобы,1
прежде,1
выплата,1
репарация,1
гарантировать,1
отказываться,1
склонить,1
введение,1
санкция,1
размещение,1
специальный,1
представитель,1
контроль,1
покинуть,1
фактически,1
расход,1
разрушение,1
закрытие,1
ущерб,1
ранение,1
приводиться,1
тяжёлый,1
увечье,1
даже,1
житель,1
изгнать,1
усилить,1
напряжённость,1
обостриться,1
неспособно,1
успешно,1
связанный,1
депортированный,1
влияние,1
выборы,1
кандидат,1
правящий,1
партия,1
примирение,1
протестный,1
волнение,1
перерасти,1
противостояние,1
затяжной,1
убыток,1
разрыв,1
стихийный,1
бедствие,1
ураган,1
франселина,1
наводнение,1
осложнить,1
пройти,1
демонстрация,1
восстановление,1
снизить,1
приступить,1
проходить,1
ограниченный,1
весна,1
перераспределить,1
участок,1
принадлежать,1
активный,1
определение,1
связь,1
тем,1
порт,1
амапасть,1
уничтожить,1
груз,1
прибыть,1
выдвинуть,1
ультиматум,1
переговоры,1
создание,1
утвердить,1
многосторонний,1
совет,1
оборона,1
урегулировать,1
манагуа,1
демилитаризация,1
взаимный,1
tratado,1
general,1
paz,1
дворец,1
перу,1
лима,1
одиннадцать,1
бульвар,1
сан,1
де,1
ла,1
фуэнт,1
гильермо,1
рейнальдо,1
кортес,1
guillermo,1
reynaldo,1
cortez,1
ветеран,1
наградить,1
нагрудный,1
знак,1
veterano,1
por,1
dignidad,1
nacional,1
упоминаться,1
сражаться,1
винтовой,1
поршневой,1
двигатель,1
мировой,1
мустанг,1
корсар,1
троян,1
непосредственно,1
перед,1
мера,1
использование,1
грузовой,1
отсек,1
бомбардировка,1
использоваться,1
миномётный,1
мина,1
тайм,1
мехико,1
осень,1
гаитянин,1
всухую,1
николаев,1
п,1
латинский,1
ryszard,1
kapu,1
ci,1
ski,1
wojna,1
futbolowa,1
warszawa,1
strony,1
пол,1
william,1
h,1
durham,1
scarcity,1
survival,1
in,1
central,1
america,1
ecological,1
origins,1
california,1
thomas,1
anderson,1
dispossessed,1
lincoln,1
nebraska,1
juan,1
ram,1
mart,1
nez,1
ense,1
anzas,1
y,1
valoraciones,1
выпуск,1
tribuna,1
максим,1
райдер,1
уголок,1
небо,1
подробность,1
armed,1
conflict,1
events,1
conflictologist,1
org,1
cien,1
horas,1
подшивка,1
посвятить,1
prensa,1
grafica,1
land,1
island,1
maritime,1
frontier,1
dispute,1
nicaragua,1
intervening,1
summary,1
judgment,1
september,1
иногда,1
вполне,1
реальный,1
