token,lemma
па,па
мятник,мятник
пу,пу
шкину,шкина
на,на
бауманской,бауманский
улице,улица
в,в
москве,москва
скульптурное,скульптурный
изображение,изображение
бюст,бюст
установленное,установленный
на,на
месте,место
предполагаемого,предполагать
рождения,рождение
русского,русский
поэта,поэт
и,и
писателя,писатель
александра,александр
сергеевича,сергеевич
пушкина,пушкин
история,история
памятник,памятник
был,быть
сооружён,соорудить
вблизи,вблизи
того,тот
места,место
где,где
ранее,ранее
находился,находиться
дом,дом
по,по
немецкой,немецкий
ныне,ныне
бауманская,бауманский
улице,улица
в,в
котором,который
как,как
предполагалось,предполагаться
26,UNK
мая,май
6,UNK
июня,июнь
1799,UNK
года,год
родился,родиться
русский,русский
поэт,поэт
и,и
писатель,писатель
александр,александр
сергеевич,сергеевич
пушкин,пушкин
1799,UNK
1837,UNK
более,более
поздние,поздний
исследования,исследование
проведённые,провести
уже,уже
после,после
установки,установка
памятника,памятник
показывают,показывать
что,что
место,место
рождения,рождение
пушкина,пушкин
скорее,скорее
находится,находиться
на,на
соседней,соседний
малой,малый
почтовой,почтовый
улице,улица
деревянный,деревянный
дом,дом
40,UNK
был,быть
снесён,снести
в,в
советское,советский
время,время
на,на
его,он
месте,место
была,быть
построена,построить
школа,школа
345,UNK
названная,назвать
именем,имя
пушкина,пушкин
памятник,памятник
был,быть
открыт,открыть
31,UNK
октября,октябрь
1967,UNK
года,год
описание,описание
памятник,памятник
был,быть
сооружён,соорудить
по,по
проекту,проект
скульптора,скульптор
екатерины,екатерина
белашовой,белашов
и,и
архитектора,архитектор
ю,ю
о,о
соколова,соколов
скульптурная,скульптурный
композиция,композиция
представляет,представлять
собой,себя
бронзовый,бронзовый
бюст,бюст
установленный,установленный
на,на
высоком,высокий
четырёхгранном,четырёхграть
постаменте,постамент
из,из
полированного,полировать
гранита,гранит
отличие,отличие
памятника,памятник
от,от
многочисленных,многочисленный
других,другой
памятников,памятник
пушкину,пушкин
состоит,состоять
в,в
том,тот
что,что
он,он
изображает,изображать
поэта,поэт
в,в
юном,юный
возрасте,возраст
на,на
стене,стена
соседней,соседний
школы,школа
находится,находиться
мемориальная,мемориальный
доска,доска
из,из
красного,красный
гранита,гранит
с,с
бронзовым,бронзовый
барельефом,барельеф
пушкина,пушкин
созданная,создать
скульптором,скульптор
константином,константин
кошкиным,кошкин
на,на
мемориальной,мемориальный
доске,доска
находится,находиться
следующая,следующий
надпись,надпись
примечания,примечание
в,в
список,список
творческих,творческий
работ,работа
англо-американского,UNK
актёра,актёр
кэри,кэри
гранта,грант
1904,UNK
1986,UNK
входят,входить
работы,работа
в,в
кинематографе,кинематограф
в,в
театре,театр
и,и
на,на
радио,радио
которые,который
охватывают,охватывать
46,UNK
лет,год
его,он
актёрской,актёрский
карьеры,карьера
с,с
1920,UNK
по,по
1966,UNK
год,год
за,за
годы,год
кинокарьеры,кинокарьера
с,с
1932,UNK
по,по
1966,UNK
год,год
он,он
снялся,сняться
в,в
семидесяти,семьдесят
двух,два
полнометражных,полнометражный
фильмах,фильм
начав,начать
свою,свой
актёрскую,актёрский
карьеру,карьера
в,в
1920-е,UNK
годы,год
с,с
участия,участие
в,в
водевилях,водевиль
и,и
на,на
бродвее,бродвей
в,в
1931,UNK
году,год
грант,грант
перебрался,перебраться
в,в
голливуд,голливуд
где,где
он,он
начал,начать
сниматься,сниматься
в,в
небольших,небольшой
ролях,роль
в,в
комедийных,комедийный
фильмах,фильм
и,и
драмах,драма
докодексового,докодексовый
периода,период
в,в
конце,конец
1930-х,UNK
годов,год
он,он
получил,получить
широкую,широкий
известность,известность
благодаря,благодаря
участию,участие
в,в
бурлескных,бурлескный
и,и
романтических,романтический
комедиях,комедия
в,в
период,период
с,с
1940-х,UNK
годов,год
до,до
середины,середина
1960-х,UNK
годов,год
грант,грант
активно,активно
снимался,сниматься
в,в
кино,кино
преимущественно,преимущественно
в,в
фильмах,фильм
альфреда,альфред
хичкока,хичкок
говарда,говард
хоукса,хоукса
сидни,сидень
шелдон,шелдон
и,и
стэнли,стэнли
донена,донить
ряд,ряд
кинокартин,кинокартина
с,с
участием,участие
актёра,актёр
являются,являться
классикой,классика
американского,американский
кино,кино
а,а
десять,десять
фильмов,фильм
были,быть
внесены,внести
в,в
национальный,национальный
реестр,реестр
фильмов,фильм
библиотеки,библиотека
конгресса,конгресс
представляющих,представлять
культурное,культурный
историческое,исторический
или,или
эстетическое,эстетический
значение,значение
за,за
свою,свой
кинокарьеру,кинокарьера
грант,грант
дважды,дважды
был,быть
номинирован,номинировать
на,на
кинопремию,кинопремия
оскар,оскар
и,и
на,на
пять,пять
премий,премия
золотого,золотой
глобуса,глобус
а,а
также,также
считается,считаться
одним,один
из,из
самых,самый
выдающихся,выдающийся
актёров,актёр
в,в
истории,история
американского,американский
кинематографа,кинематограф
и,и
золотого,золотой
века,век
голливуда,голливуд
начало,начало
карьеры,карьера
в,в
театре,театр
и,и
в,в
кино,кино
свой,свой
творческий,творческий
путь,путь
уроженец,уроженец
бристоля,бристоль
арчибальд,арчибальд
алек,алек
лич,лич
позже,поздний
сменивший,сменить
имя,имя
на,на
кэри,кэри
грант,грант
начал,начать
в,в
подростковом,подростковый
возрасте,возраст
когда,когда
он,он
присоединился,присоединиться
к,к
водевильной,водевильный
труппе,труппа
боба,боб
пендера,пендёр
в,в
труппе,труппа
его,он
обучали,обучать
акробатическим,акробатический
трюкам,трюк
хождению,хождение
на,на
ходулях,ходуля
и,и
пантомиме,пантомима
а,а
позже,поздний
выступал,выступать
с,с
ней,она
в,в
провинциальных,провинциальный
городах,город
англии,англия
в,в
1920,UNK
году,год
труппа,труппа
отправилась,отправиться
в,в
гастрольный,гастрольный
тур,тур
по,по
сша,сша
где,где
юный,юный
грант,грант
принимал,принимать
участие,участие
в,в
ревю,ревю
хорошие,хороший
времена,время
в,в
качестве,качество
одного,один
из,из
ходоков,ходок
на,на
ходулях,ходуля
постановка,постановка
длилась,длиться
девять,девять
месяцев,месяц
и,и
пользовалась,пользоваться
успехом,успех
у,у
зрителей,зритель
после,после
окончания,окончание
тура,тур
грант,грант
остался,остаться
в,в
сша,сша
и,и
в,в
течение,течение
нескольких,несколько
лет,год
гастролировал,гастролировать
по,по
стране,страна
с,с
акробатическими,акробатический
номерами,номер
в,в
1927,UNK
году,год
он,он
дебютировал,дебютировать
в,в
бродвейском,бродвейский
комедийном,комедийный
мюзикле,мюзикл
реджи,реджи
хаммерштейна,хаммерштейн
золотой,золотой
рассвет,рассвет
несмотря,несмотря
на,на
неоднозначную,неоднозначный
реакцию,реакция
критиков,критик
на,на
постановку,постановка
они,они
высоко,высоко
оценили,оценить
игру,игра
гранта,грант
назвав,назвать
его,он
компетентным,компетентный
молодым,молодой
новичком,новичок
в,в
1928,UNK
году,год
он,он
исполнил,исполнить
роль,роль
рекса,рекс
вана,ван
зиле,зил
в,в
постановке,постановка
хаммерштейна,хаммерштейн
полли,полль
а,а
через,через
год,год
появился,появиться
с,с
небольшой,небольшой
ролью,роль
в,в
мюзикле,мюзикл
бум-бум,UNK
под,под
руководством,руководство
братьев,брат
шуберт,шуберт
с,с
1929,UNK
по,по
1931,UNK
год,год
грант,грант
продолжал,продолжать
выступать,выступать
в,в
различных,различный
театральных,театральный
постановках,постановка
братьев,брат
шуберт,шуберт
включая,включая
уличный,уличный
певец,певец
музыка,музыка
в,в
мае,май
и,и
нина,нина
роза,роза
пока,пока
не,не
был,быть
уволен,уволить
из-за,UNK
финансовых,финансовый
трудностей,трудность
театра,театр
позже,поздний
импресарио,импресарио
уильям,уильям
б,б
фридландер,фридландер
предложил,предложить
ему,он
роль,роль
в,в
своём,свой
мюзикле,мюзикл
никки,никки
но,но
после,после
тридцати,тридцать
девяти,девять
выступлений,выступление
спектакль,спектакль
был,быть
отменён,отменить
в,в
это,это
же,же
время,время
грант,грант
решил,решить
попробовать,попробовать
свои,свой
силы,сила
в,в
киноиндустрии,киноиндустрия
в,в
1931,UNK
году,год
он,он
отправился,отправиться
в,в
голливуд,голливуд
где,где
подписал,подписать
контракт,контракт
со,с
студией,студия
paramount,paramount
выбрав,выбрать
себе,себя
сценический,сценический
псевдоним,псевдоним
кэри,кэри
грант,грант
его,он
полнометражным,полнометражный
дебютом,дебют
стала,стать
комедия,комедия
эта,этот
ночь,ночь
1932,UNK
где,где
он,он
сыграл,сыграть
второстепенного,второстепенный
персонажа,персонаж
спортсмена-метателя,UNK
копья,копьё
стивена,стивен
мэтьюсона,мэтьюсон
в,в
том,тот
же,же
году,год
грант,грант
принял,принять
участие,участие
в,в
съёмках,съёмка
белокурая,белокурый
венера,венера
с,с
марлен,марлен
дитрих,дитрих
дьявол,дьявол
и,и
глубина,глубина
с,с
таллула,таллул
бэнкхед,бэнкхед
и,и
мадам,мадам
баттерфляй,баттерфляй
с,с
сильвией,сильвия
сидни,сидень
эти,этот
работы,работа
не,не
принесли,принести
ему,он
широкой,широкий
известности,известность
но,но
закрепили,закрепить
за,за
ним,они
репутацию,репутация
одного,один
из,из
восходящих,восходящий
актёров,актёр
голливуда,голливуд
с,с
1934,UNK
по,по
1935,UNK
год,год
последовали,последовать
провальные,провальный
фильмы,фильм
с,с
его,он
участием,участие
драма,драма
рождённая,родить
быть,быть
плохой,плохой
1934,UNK
комедии,комедия
поцелуй,поцелуй
и,и
накрась,накрасить
губы,губа
1934,UNK
и,и
дамам,дама
стоит,стоить
послушать,послушать
1934,UNK
а,а
также,также
приключенческая,приключенческий
мелодрама,мелодрама
крылья,крыло
во,в
тьме,тьма
1935,UNK
с,с
мирной,мирный
лой,лой
в,в
этот,этот
же,же
период,период
вышла,выйти
романтическая,романтический
комедия,комедия
джорджа,джордж
кьюкора,кьюкора
сильвия,сильвия
скарлетт,скарлетта
1935,UNK
где,где
грант,грант
предстал,предстать
в,в
роли,роль
мошенника,мошенник
джимми,джимми
монкли,монкли
в,в
паре,пара
с,с
кэтрин,кэтрин
хепбёрн,хепбёрн
несмотря,несмотря
на,на
неудачу,неудача
фильма,фильм
в,в
коммерческом,коммерческий
плане,план
игра,игра
гранта,грант
получила,получить
похвалу,похвала
критиков,критик
в,в
1936,UNK
году,год
когда,когда
истёк,истечь
срок,срок
контракта,контракт
с,с
paramount,paramount
грант,грант
заключил,заключить
совместный,совместный
контракт,контракт
с,с
rko,rko
и,и
columbia,columbia
pictures,pictures
что,что
позволило,позволить
ему,он
выбирать,выбирать
проекты,проект
которые,который
соответствовали,соответствовать
его,он
актёрскому,актёрский
стилю,стиль
вскоре,вскоре
после,после
заключения,заключение
контрактов,контракт
он,он
появился,появиться
в,в
успешных,успешный
комедийных,комедийный
картинах,картина
ставших,стать
знаковыми,знаковый
в,в
его,он
карьере,карьера
топпер,топпер
1937,UNK
с,с
констанс,констанс
беннетт,беннетт
и,и
роландом,роланд
янгом,янг
и,и
ужасная,ужасный
правда,правда
1937,UNK
с,с
айрин,айрин
данн,данна
и,и
ральфом,ральф
беллами,белла
годом,год
позже,поздний
актёр,актёр
вместе,вместе
с,с
кэтрин,кэтрин
хепбёрн,хепбёрн
снялся,сняться
в,в
двух,два
кинолентах,кинолента
воспитание,воспитание
крошки,крошка
и,и
праздник,праздник
несмотря,несмотря
на,на
благожелательные,благожелательный
отзывы,отзыв
критиков,критик
фильмы,фильм
были,быть
плохо,плохо
приняты,принять
публикой,публика
лишь,лишь
только,только
спустя,спустя
годы,год
воспитание,воспитание
крошки,крошка
обрёл,обрести
популярность,популярность
и,и
приобрёл,приобрести
культовый,культовый
статус,статус
в,в
1939,UNK
году,год
грант,грант
исполнил,исполнить
роли,роль
сержанта,сержант
британской,британский
армии,армия
арчибальда,арчибальд
каттера,каттер
в,в
приключенческом,приключенческий
фильме,фильм
ганга,ганг
дин,дин
пилота,пилот
джеффа,джефф
картера,картер
в,в
драме,драма
только,только
у,у
ангелов,ангел
есть,есть
крылья,крыло
и,и
богача,богач
алека,алек
уокера,уокер
в,в
мелодраме,мелодрама
лишь,лишь
на,на
словах,слово
с,с
начала,начало
кинокарьеры,кинокарьера
за,за
кэри,кэри
грантом,грант
закрепилось,закрепиться
амплуа,амплуа
красивого,красивый
ухоженного,уходить
светского,светский
человека,человек
с,с
необычным,необычный
акцентом,акцент
обладающего,обладать
безупречными,безупречный
манерами,манер
остроумием,остроумие
и,и
элегантностью,элегантность
на,на
многие,многие
годы,год
вперёд,вперёд
также,также
отличительной,отличительный
особенностью,особенность
гранта,грант
являлся,являться
его,он
уникальный,уникальный
акцент,акцент
своеобразное,своеобразный
произношение,произношение
у,у
него,он
сформировалось,сформироваться
в,в
результате,результат
усердных,усердный
попыток,попытка
избавиться,избавиться
от,от
сильного,сильный
лондонского,лондонский
акцента,акцент
рабочего,рабочий
класса,класс
после,после
переезда,переезд
в,в
сша,сша
и,и
представляло,представлять
собой,себя
сочетание,сочетание
английского,английский
языка,язык
высшего,высокий
общества,общество
кокни,кокнуть
и,и
австралийского,австралийский
диалекта,диалект
годы,год
спустя,спустя
такой,такой
акцент,акцент
стал,стать
визитной,визитный
карточкой,карточка
актёра,актёр
кинокарьера,кинокарьера
в,в
1940-х,UNK
годах,год
в,в
1940,UNK
году,год
грант,грант
снялся,сняться
в,в
романтической,романтический
комедии,комедия
говарда,говард
хоукса,хоукса
его,он
девушка,девушка
пятница,пятница
в,в
этой,этот
картине,картина
он,он
воплотил,воплотить
образ,образ
самоуверенного,самоуверенный
и,и
властолюбивого,властолюбивый
главного,главное
редактора,редактор
чикагской,чикагский
газеты,газета
стремящегося,стремиться
вернуть,вернуть
бывшую,бывший
супругу,супруг
и,и
лучшего,хороший
репортёра,репортёр
сыгранную,сыгранный
розалинд,розалинда
расселл,расселла
фильм,фильм
имел,иметь
большой,большой
коммерческий,коммерческий
успех,успех
как,как
следующие,следующий
фильмы,фильм
с,с
участием,участие
актёра,актёр
моя,мой
любимая,любимый
супруга,супруг
1940,UNK
с,с
айрин,айрин
данн,данна
и,и
филадельфийская,филадельфийский
история,история
1940,UNK
с,с
кэтрин,кэтрин
хепбёрн,хепбёрн
и,и
джеймсом,джеймс
стюартом,стюарт
в,в
1941,UNK
году,год
грант,грант
исполнил,исполнить
роль,роль
журналиста,журналист
роджера,роджер
адамса,адамс
в,в
чрезвычайно,чрезвычайно
успешной,успешный
мелодраме,мелодрама
грошовая,грошовый
серенада,серенада
где,где
его,он
партнёршей,партнёрша
в,в
третий,третий
раз,раз
стала,стать
актриса,актриса
айрин,айрин
данн,данна
фильм,фильм
был,быть
высоко,высоко
оценен,оценить
критиками,критик
и,и
принёс,принести
гранту,грант
первую,первый
номинацию,номинация
на,на
премию,премия
оскар,оскар
в,в
категории,категория
лучшая,хороший
мужская,мужской
роль,роль
в,в
том,тот
же,же
году,год
режиссёр,режиссёр
альфред,альфред
хичкок,хичкок
впервые,впервые
пригласил,пригласить
актёра,актёр
сняться,сняться
в,в
психологическом,психологический
триллере,триллер
подозрение,подозрение
что,что
положило,положить
начало,начало
их,они
сотрудничеству,сотрудничество
он,он
сыграл,сыграть
обаятельного,обаятельный
плейбоя,плейбой
джонни,джонни
эйсгарта,эйсгарт
который,который
женится,жениться
на,на
девушке,девушка
из,из
богатой,богатый
семьи,семья
джоан,джоан
фонтейн,фонтейн
и,и
она,она
начинает,начинать
подозревать,подозревать
мужа,муж
в,в
убийстве,убийство
друга,друг
а,а
потом,потом
и,и
в,в
попытке,попытка
убить,убить
её,её
саму,сам
ради,ради
денег,деньга
в,в
фильме,фильм
грант,грант
предстал,предстать
в,в
двух,два
разных,разный
образах,образ
привлекательного,привлекательный
но,но
непутёвого,непутёвый
повесы,повеса
и,и
более,более
мрачного,мрачный
зловещего,зловещий
героя,герой
способного,способный
на,на
совершение,совершение
преступления,преступление
несмотря,несмотря
на,на
навязанный,навязать
киностудией,киностудия
счастливый,счастливый
финал,финал
фильм,фильм
был,быть
тепло,тепло
встречен,встретить
публикой,публика
а,а
работа,работа
самого,сам
гранта,грант
удостоилась,удостоиться
высокой,высокий
оценки,оценка
критики,критика
в,в
период,период
с,с
1942,UNK
по,по
1943,UNK
год,год
грант,грант
снялся,сняться
в,в
нескольких,несколько
картинах,картина
имевших,иметь
оглушительный,оглушительный
успех,успех
комедии,комедия
весь,весь
город,город
говорит,говорить
1942,UNK
и,и
однажды,однажды
в,в
медовый,медовый
месяц,месяц
1942,UNK
романтическом,романтический
фильме,фильм
мистер,мистер
счастливчик,счастливчик
1943,UNK
и,и
военном,военный
фильме,фильм
курс,курс
на,на
токио,токио
1943,UNK
в,в
1944,UNK
году,год
был,быть
выпущен,выпустить
фильм,фильм
фрэнка,фрэнк
капры,капра
мышьяк,мышьяк
и,и
старые,старый
кружева,кружево
снятом,снятой
по,по
одноимённой,одноимённый
пьесе,пьеса
джозефа,джозеф
кессельринга,кессельринг
в,в
нём,он
грант,грант
сыграл,сыграть
театрального,театральный
критика,критика
мортимера,мортимера
брюстера,брюстер
узнавшего,узнать
страшную,страшный
правду,правда
о,о
своих,свой
благодетельных,благодетельный
тётушках,тётушка
лента,лента
пользовалась,пользоваться
большой,большой
популярностью,популярность
в,в
прокате,прокат
сам,сам
актёр,актёр
впоследствии,впоследствии
расценивал,расценивать
свою,свой
игру,игра
в,в
этой,этот
картине,картина
как,как
худшую,плохой
в,в
своей,свой
карьере,карьера
в,в
том,тот
же,же
году,год
грант,грант
участвовал,участвовать
в,в
съёмках,съёмка
драматического,драматический
фильма,фильм
только,только
одинокое,одинокий
сердце,сердце
киноадаптации,киноадаптация
одноимённой,одноимённый
книги,книга
ричарда,ричард
луэллина,луэллин
роль,роль
молодого,молодой
и,и
безответственного,безответственный
бездельника,бездельник
эрни,эрня
мотта,мотт
принесла,принести
актёру,актёр
вторую,второй
номинацию,номинация
на,на
премию,премия
оскар,оскар
в,в
1946,UNK
году,год
грант,грант
вновь,вновь
поработал,поработать
с,с
хичкоком,хичкок
на,на
съёмочной,съёмочный
площадке,площадка
шпионского,шпионский
триллера,триллер
дурная,дурной
слава,слава
где,где
в,в
главных,главный
ролях,роль
снялись,сняться
ингрид,ингрид
бергман,бергман
и,и
клод,клод
рейнс,рейнс
он,он
исполнил,исполнить
роль,роль
циничного,циничный
правительственного,правительственный
агента,агент
девлина,девлина
который,который
добивается,добиваться
сотрудничества,сотрудничество
от,от
дочери,дочь
нацистского,нацистский
шпиона,шпион
бергман,бергман
для,для
выполнения,выполнение
особого,особый
задания,задание
и,и
вскоре,вскоре
влюбляется,влюбляться
в,в
неё,она
картина,картина
получила,получить
широкое,широкий
признание,признание
среди,среди
критиков,критик
и,и
стала,стать
знаковой,знаковый
как,как
в,в
карьере,карьера
актёра,актёр
так,так
и,и
для,для
самого,сам
режиссёра,режиссёр
во,в
второй,второй
половине,половина
1940-х,UNK
годов,год
грант,грант
снялся,сняться
в,в
ряде,ряд
успешных,успешный
комедийных,комедийный
фильмов,фильм
холостяк,холостяк
и,и
девчонка,девчонка
1947,UNK
режиссёра,режиссёр
сидни,сидень
шелдона,шелдон
и,и
мистер,мистер
блэндингз,блэндингз
строит,строить
дом,дом
своей,свой
мечты,мечта
1948,UNK
режиссёра,режиссёр
г,г
к,к
поттера,поттер
эти,этот
картины,картина
пользовались,пользоваться
популярностью,популярность
у,у
публики,публика
как,как
и,и
другие,другой
работы,работа
с,с
участием,участие
актёра,актёр
жена,жена
епископа,епископ
1947,UNK
в,в
роли,роль
ангела,ангела
дадли,дадли
каждая,каждый
девушка,девушка
должна,должный
выйти,выйти
замуж,замуж
1948,UNK
в,в
роли,роль
доктора,доктор
мэдисона,мэдисон
брауна,браун
и,и
солдат,солдат
в,в
юбке,юбка
1949,UNK
в,в
роли,роль
капитана,капитан
анри,анри
рошара,рошара
дальнейшая,дальнейший
актёрская,актёрский
карьера,карьера
с,с
первой,первый
половины,половина
1950-х,UNK
годов,год
актёрская,актёрский
карьера,карьера
кэри,кэри
гранта,грант
претерпела,претерпеть
значительный,значительный
спад,спад
он,он
снялся,сняться
в,в
коммерчески,коммерчески
неудачных,неудачный
фильмах,фильм
включая,включая
кризис,кризис
1950,UNK
с,с
хосе,хосе
феррером,феррер
и,и
полой,полый
реймонд,реймонд
что,что
скажут,сказать
люди,человек
1951,UNK
с,с
джинн,джинн
крейн,крейн
и,и
обезьяньи,обезьяний
проделки,проделка
1952,UNK
с,с
участием,участие
джинджер,джинджер
роджерс,роджерс
и,и
мэрилин,мэрилин
монро,монро
после,после
серии,серия
провальных,провальный
кинокартин,кинокартина
актёр,актёр
рассматривал,рассматривать
возможность,возможность
ухода,уход
из,из
кинематографа,кинематограф
однако,однако
его,он
планы,план
изменились,измениться
когда,когда
в,в
1954,UNK
году,год
альфред,альфред
хичкок,хичкок
предложил,предложить
ему,он
роль,роль
джона,джон
роби,робь
в,в
фильме,фильм
поймать,поймать
вора,вор
1955,UNK
где,где
его,он
партнёршей,партнёрша
стала,стать
грейс,грейс
келли,келли
в,в
этой,этот
картине,картина
грант,грант
предстал,предстать
в,в
образе,образ
бывшего,бывший
вора,вор
попавшего,попасть
под,под
подозрение,подозрение
из-за,UNK
череды,череда
ограблений,ограбление
которых,который
он,он
не,не
совершал,совершать
хотя,хотя
критики,критика
отнеслись,отнестись
к,к
фильму,фильм
неоднозначно,неоднозначно
он,он
пользовался,пользоваться
популярностью,популярность
у,у
зрителей,зритель
и,и
имел,иметь
высокие,высокий
кассовые,кассовый
сборы,сбор
что,что
в,в
значительной,значительный
степени,степень
способствовало,способствовать
возрождению,возрождение
карьеры,карьера
гранта,грант
в,в
1957,UNK
году,год
грант,грант
вместе,вместе
с,с
фрэнком,фрэнк
синатрой,синатрой
и,и
софи,софи
лорен,лорен
участвовал,участвовать
в,в
съемках,съёмка
костюмированной,костюмировать
исторической,исторический
драмы,драма
режиссёра,режиссёр
стэнли,стэнли
крамера,крамер
гордость,гордость
и,и
страсть,страсть
несмотря,несмотря
на,на
трудности,трудность
в,в
процессе,процесс
производства,производство
фильм,фильм
получил,получить
преимущественно,преимущественно
негативные,негативный
критические,критический
отзывы,отзыв
в,в
том,тот
же,же
году,год
актёр,актёр
появился,появиться
в,в
ремейке,ремейк
лео,лео
маккэри,маккэри
незабываемый,незабываемый
роман,роман
который,который
стал,стать
хитом,хит
в,в
прокате,прокат
аналогичный,аналогичный
успех,успех
продолжили,продолжить
его,он
последующие,последующий
проекты,проект
которые,который
вышли,выйти
в,в
1958,UNK
году,год
романтические,романтический
комедии,комедия
стэнли,стэнли
донена,донить
милый,милый
сэр,сэр
и,и
мелвилла,мелвилл
шавельзона,шавельзон
плавучий,плавучий
дом,дом
вышедший,выйти
год,год
спустя,спустя
приключенческо-шпионский,UNK
триллер,триллер
к,к
северу,север
через,через
северо-запад,UNK
стал,стать
четвёртой,четвёртый
и,и
последней,последний
совместной,совместный
работой,работа
гранта,грант
и,и
хичкока,хичкок
роль,роль
рекламного,рекламный
менеджера,менеджер
роджера,роджер
торнхилла,торнхилл
которого,который
группа,группа
иностранных,иностранный
шпионов,шпион
ошибочно,ошибочно
приняла,принять
за,за
американского,американский
агента,агент
разведки,разведка
стала,стать
наиболее,наиболее
известной,известный
работой,работа
в,в
карьере,карьера
гранта,грант
кинолента,кинолента
приобрела,приобрести
большую,больший
известность,известность
и,и
вошла,войти
в,в
историю,история
благодаря,благодаря
культовой,культовый
сцене,сцена
когда,когда
герой,герой
гранта,грант
убегает,убегать
от,от
атакующего,атаковать
его,он
самолёта,самолёт
на,на
кукурузном,кукурузный
поле,поле
также,также
заметной,заметный
работой,работа
актёра,актёр
в,в
конце,конец
1950-х,UNK
годов,год
стала,стать
роль,роль
коммандера-лейтенанта,UNK
мэттью,мэттью
шермана,шермана
в,в
картине,картина
операция,операция
нижняя,нижний
юбка,юбка
1959,UNK
в,в
1960,UNK
году,год
грант,грант
присоединился,присоединиться
к,к
звёздному,звёздный
актёрскому,актёрский
составу,состав
в,в
который,который
входили,входить
дебора,дебора
керр,керра
роберт,роберт
митчем,митч
и,и
джин,джина
симмонс,симмонс
для,для
работы,работа
над,над
фильмом,фильм
стэнли,стэнли
донена,донить
трава,трава
зеленее,зелёный
фильм,фильм
не,не
достиг,достигнуть
ожидаемого,ожидать
успеха,успех
ни,ни
среди,среди
критиков,критик
ни,ни
среди,среди
зрителей,зритель
два,два
года,год
спустя,спустя
грант,грант
вместе,вместе
с,с
дорис,дорис
дэй,дэя
снялся,сняться
в,в
фильме,фильм
этот,этот
мех,мех
норки,норка
который,который
получил,получить
высокую,высокий
оценку,оценка
критиков,критик
а,а
также,также
три,три
номинации,номинация
на,на
премию,премия
оскар,оскар
следующие,следующий
фильмы,фильм
с,с
участием,участие
актёра,актёр
детективная,детективный
мелодрама,мелодрама
шарада,шарада
1963,UNK
с,с
одри,одри
хепбёрн,хепбёрн
и,и
романтическая,романтический
комедия,комедия
папа,папа
гусь,гусь
1964,UNK
благосклонно,благосклонно
были,быть
приняты,принять
кинокритиками,кинокритик
последней,последний
ролью,роль
гранта,грант
в,в
кино,кино
стала,стать
роль,роль
британского,британский
промышленника,промышленник
сэра,сэр
уильяма,уильям
ратленда,ратленд
в,в
фильме,фильм
иди,идти
а,а
не,не
беги,бежать
1966,UNK
после,после
завершения,завершение
съёмок,съёмка
этого,это
фильма,фильм
грант,грант
окончательно,окончательно
ушёл,уйти
из,из
киноиндустрии,киноиндустрия
начав,начать
заниматься,заниматься
предпринимательской,предпринимательский
деятельностью,деятельность
фильмография,фильмография
в,в
кинематографе,кинематограф
художественные,художественный
фильмы,фильм
a,a
фильмы,фильм
внесённые,внести
в,в
национальный,национальный
реестр,реестр
фильмов,фильм
библиотеки,библиотека
конгресса,конгресс
сша,сша
другие,другой
появления,появление
документальные,документальный
и,и
короткометражные,короткометражный
фильмы,фильм
a,a
короткометражный,короткометражный
фильм,фильм
b,b
короткометражный,короткометражный
документальный,документальный
фильм,фильм
c,c
документальный,документальный
фильм,фильм
радио,радио
помимо,помимо
съёмок,съёмка
в,в
кино,кино
грант,грант
также,также
работал,работать
на,на
радио,радио
он,он
впервые,впервые
появился,появиться
в,в
эфире,эфир
в,в
1935,UNK
году,год
и,и
продолжал,продолжать
выступать,выступать
в,в
радиопередачах,радиопередача
в,в
течение,течение
следующих,следующий
двадцати,двадцать
лет,год
грант,грант
регулярно,регулярно
появлялся,появляться
в,в
таких,такой
программах,программа
как,как
радиотеатр,радиотеатр
люкс,люкс
театр,театр
гильдии,гильдия
киноактёров,киноактёр
серебряный,серебряный
театр,театр
где,где
исполнял,исполнять
различные,различный
роли,роль
в,в
радиоспектаклях,радиоспектакль
включая,включая
адаптации,адаптация
своих,свой
успешных,успешный
фильмов,фильм
также,также
он,он
часто,часто
появлялся,появляться
в,в
качестве,качество
приглашённого,пригласить
гостя,гость
на,на
различных,различный
развлекательных,развлекательный
шоу,шоу
как,как
шоу,шоу
эдди,эдди
кантора,кантор
и,и
шоу,шоу
бёрнса,бёрнс
и,и
аллена,аллен
театр,театр
кинонаграды,кинонаграда
и,и
наследие,наследие
десять,десять
фильмов,фильм
с,с
участием,участие
кэри,кэри
гранта,грант
были,быть
внесены,внести
в,в
национальный,национальный
реестр,реестр
фильмов,фильм
библиотеки,библиотека
конгресса,конгресс
сша,сша
среди,среди
них,они
три,три
фильма,фильм
воспитание,воспитание
крошки,крошка
1938,UNK
филадельфийская,филадельфийский
история,история
1940,UNK
и,и
к,к
северу,север
через,через
северо-запад,UNK
1959,UNK
входят,входить
в,в
список,список
100,UNK
величайших,великий
американских,американский
кинофильмов,кинофильм
по,по
версии,версия
американского,американский
института,институт
киноискусства,киноискусство
afi,afi
также,также
два,два
фильма,фильм
дурная,дурной
слава,слава
1946,UNK
и,и
к,к
северу,север
через,через
северо-запад,UNK
1959,UNK
попали,попасть
в,в
список,список
100,UNK
величайших,великий
фильмов,фильм
всех,весь
времён,время
составленном,составить
журналом,журнал
entertainment,entertainment
weekly,weekly
согласно,согласно
рейтинговым,рейтинговый
спискам,список
составленным,составить
afi,afi
восемь,восемь
фильмов,фильм
среди,среди
которых,который
она,она
обошлась,обойтись
с,с
ним,они
нечестно,нечестно
1933,UNK
топпер,топпер
1937,UNK
ужасная,ужасный
правда,правда
1937,UNK
воспитание,воспитание
крошки,крошка
1938,UNK
филадельфийская,филадельфийский
история,история
1940,UNK
его,он
девушка,девушка
пятница,пятница
1940,UNK
мышьяк,мышьяк
и,и
старые,старый
кружева,кружево
1944,UNK
мистер,мистер
блэндингз,блэндингз
строит,строить
дом,дом
своей,свой
мечты,мечта
1948,UNK
входят,входить
в,в
список,список
100,UNK
самых,самый
смешных,смешной
американских,американский
фильмов,фильм
шесть,шесть
его,он
фильмов,фильм
в,в
том,тот
числе,число
дурная,дурной
слава,слава
1946,UNK
поймать,поймать
вора,вор
1955,UNK
незабываемый,незабываемый
роман,роман
1957,UNK
были,быть
включены,включить
в,в
рейтинг,рейтинг
100,UNK
самых,самый
страстных,страстный
американских,американский
фильмов,фильм
сам,сам
актёр,актёр
занял,занять
второе,второе
место,место
после,после
хамфри,хамфри
богарта,богарт
в,в
списке,список
100,UNK
величайших,великий
звёзд,звезда
кино,кино
за,за
100,UNK
лет,год
за,за
свою,свой
46-летнюю,UNK
актёрскую,актёрский
карьеру,карьера
кэри,кэри
грант,грант
был,быть
номинирован,номинировать
дважды,дважды
на,на
премию,премия
оскар,оскар
пять,пять
раз,раз
на,на
золотой,золотой
глобус,глобус
и,и
единственный,единственный
раз,раз
на,на
премию,премия
bafta,bafta
а,а
также,также
был,быть
удостоен,удостоить
наград,награда
1960,UNK
давид,давид
ди,ди
донателло,донателло
премия,премия
в,в
номинации,номинация
лучший,хороший
иностранный,иностранный
актёр,актёр
к,к
северу,север
через,через
северо-запад,UNK
1970,UNK
оскар,оскар
за,за
выдающиеся,выдающийся
заслуги,заслуга
в,в
кинематографе,кинематограф
примечания,примечание
комментарии,комментарий
источники,источник
литература,литература
deschner,deschner
donald,donald
the,the
films,films
of,of
cary,cary
grant,grant
англ,англ
citadel,citadel
press,press
1973,UNK
276,UNK
p,p
isbn,isbn
9780806503769,UNK
dunning,dunning
john,john
on,on
the,the
air,air
the,the
encyclopedia,encyclopedia
of,of
old-time,UNK
radio,radio
англ,англ
usa,usa
oxford,oxford
university,university
press,press
1998,UNK
822,UNK
p,p
isbn,isbn
9780195076783,UNK
eliot,eliot
marc,marc
cary,cary
grant,grant
a,a
biography,biography
англ,англ
harmony,harmony
books,books
2004,UNK
435,UNK
p,p
isbn,isbn
9781400050260,UNK
higham,higham
charles,charles
moseley,moseley
roy,roy
cary,cary
grant,grant
the,the
lonely,lonely
heart,heart
англ,англ
avon,avon
books,books
1990,UNK
396,UNK
p,p
isbn,isbn
9780380710096,UNK
mccann,mccann
graham,graham
cary,cary
grant,grant
a,a
class,class
apart,apart
англ,англ
columbia,columbia
university,university
press,press
1997,UNK
348,UNK
p,p
isbn,isbn
9780231108850,UNK
schickel,schickel
richard,richard
cary,cary
grant,grant
a,a
celebration,celebration
англ,англ
pavilion,pavilion
1983,UNK
190,UNK
p,p
isbn,isbn
9780907516255,UNK
vermilye,vermilye
jerry,jerry
cary,cary
grant,grant
galahad,galahad
books,books
1973,UNK
160,UNK
с,с
isbn,isbn
9780883652916,UNK
wansell,wansell
geoffrey,geoffrey
cary,cary
grant,grant
dark,dark
angel,angel
англ,англ
arcade,arcade
pub,pub
1996,UNK
192,UNK
p,p
isbn,isbn
9781559703697,UNK
webb,webb
graham,graham
encyclopedia,encyclopedia
of,of
american,american
short,short
films,films
1926-1959,UNK
англ,англ
mcfarland,mcfarland
2020,UNK
734,UNK
p,p
isbn,isbn
9781476639260,UNK
ссылка,ссылка
cary,cary
grant,grant
англ,англ
на,на
сайте,сайт
internet,internet
movie,movie
database,database
cary,cary
grant,grant
filmography,filmography
англ,англ
allmovie,allmovie
хосе,хосе
анто,анто
нио,нио
кинтани,кинтаня
лья,лья
эскоба,эскоба
р,р
исп,исп
jos,jos
antonio,antonio
quintanilla,quintanilla
escobar,escobar
29,UNK
октября,октябрь
1947,UNK
сонсонате,сонсоната
1977,UNK
ауачапан,ауачапан
сальвадорский,сальвадорский
футболист,футболист
играл,играть
на,на
позиции,позиция
полузащитника,полузащитник
участник,участник
чемпионата,чемпионат
мира,мир
1970,UNK
года,год
кинтанилья,кинтанилья
известен,известный
как,как
автор,автор
победного,победный
гола,гол
в,в
ворота,ворота
сборной,сборная
гондураса,гондурас
который,который
привёл,привести
к,к
шестидневной,шестидневный
футбольной,футбольный
войне,война
с,с
гондурасом,гондурас
биография,биография
клубная,клубный
карьера,карьера
кинтанилья,кинтанилья
основную,основный
часть,часть
футбольной,футбольный
карьеры,карьера
играл,играть
за,за
альянсу,альянс
в,в
составе,состав
которой,который
в,в
1966,UNK
и,и
1967,UNK
годах,год
выиграл,выиграть
два,два
чемпионских,чемпионский
титула,титул
а,а
также,также
кубок,кубок
чемпионов,чемпион
конкакаф,конкакаф
1967,UNK
года,год
в,в
1970,UNK
году,год
кинтанилья,кинтанилья
перешёл,перейти
в,в
атлетико,атлетико
марте,март
с,с
которым,который
в,в
1970,UNK
году,год
завоевал,завоевать
свой,свой
третий,третий
чемпионский,чемпионский
титул,титул
в,в
1971,UNK
году,год
кинтанилья,кинтанилья
перешёл,перейти
в,в
эксельсиор,эксельсиор
в,в
котором,который
играл,играть
два,два
сезона,сезон
в,в
последующие,последующий
годы,год
кинтанилья,кинтанилья
играл,играть
за,за
альянсу,альянс
и,и
онсе,онс
мунисипаль,мунисипаль
который,который
стал,стать
для,для
него,он
последним,последний
клубом,клуб
в,в
жизни,жизнь
карьера,карьера
в,в
сборной,сборная
в,в
составе,состав
сборной,сборная
сальвадора,сальвадор
кинтанилья,кинтанилья
принимал,принимать
участие,участие
на,на
олимпийском,олимпийский
турнире,турнир
1968,UNK
года,год
где,где
сыграл,сыграть
во,в
всех,весь
трёх,три
матчах,матч
группового,групповой
этапа,этап
два,два
из,из
которых,который
завершились,завершиться
поражениями,поражение
сальвадорцев,сальвадорец
26,UNK
июня,июнь
1969,UNK
года,год
кинтанилья,кинтанилья
забил,забить
решающий,решающий
и,и
победный,победный
гол,гол
на,на
101-й,UNK
минуте,минута
в,в
матче,матч
отбора,отбор
на,на
чемпионат,чемпионат
мира,мир
со,с
сборной,сборная
гондураса,гондурас
матч,матч
завершился,завершиться
со,с
счётом,счёт
3,UNK
2,UNK
гол,гол
кинтанильи,кинтанилья
привёл,привести
к,к
тому,тот
что,что
14,UNK
июля,июль
начался,начаться
шестидневный,шестидневный
вооружённый,вооружённый
конфликт,конфликт
между,между
двумя,два
странами,страна
который,который
стал,стать
известен,известный
как,как
футбольная,футбольный
война,война
другие,другой
источники,источник
называют,называть
автором,автор
решающего,решающий
гола,гол
пипо,пипо
родригеса,родригес
принимал,принимать
участие,участие
на,на
чемпионате,чемпионат
мира,мир
1970,UNK
года,год
где,где
сыграл,сыграть
в,в
двух,два
матчах,матч
группового,групповой
этапа,этап
со,с
сборными,сборная
бельгии,бельгия
0,UNK
3,UNK
и,и
мексики,мексика
0,UNK
4,UNK
всего,весь
за,за
сборную,сборная
сальвадора,сальвадор
сыграл,сыграть
22,UNK
матча,матч
в,в
которых,который
забил,забить
1,UNK
гол,гол
гибель,гибель
кинтанилья,кинтанилья
погиб,погибнуть
в,в
1977,UNK
году,год
в,в
дтп,дтп
когда,когда
на,на
своём,свой
автомобиле,автомобиль
ехал,ехать
на,на
тренировку,тренировка
онсе,онс
мунисипаль,мунисипаль
достижения,достижение
альянса,альянс
чемпион,чемпион
сальвадора,сальвадор
2,UNK
1965,UNK
66,UNK
1966,UNK
67,UNK
победитель,победитель
лиги,лига
чемпионов,чемпион
конкакаф,конкакаф
1,UNK
1967,UNK
атлетико,атлетико
марте,март
чемпион,чемпион
сальвадора,сальвадор
1,UNK
1970,UNK
примечания,примечание
сборная,сборная
гондураса,гондурас
по,по
футболу,футбол
исп,исп
selecci,selecci
n,n
de,de
f,f
tbol,tbol
de,de
honduras,honduras
команда,команда
представляющая,представлять
гондурас,гондурас
на,на
международных,международный
футбольных,футбольный
турнирах,турнир
и,и
матчах,матч
управляющая,управлять
организация,организация
национальная,национальный
автономная,автономный
федерация,федерация
футбола,футбол
гондураса,гондурас
член,член
фифа,фифа
с,с
1951,UNK
года,год
наивысшее,высокий
достижение,достижение
в,в
рейтинге,рейтинг
фифа,фифа
было,быть
в,в
сентябре,сентябрь
2001,UNK
года,год
когда,когда
сборная,сборная
поднялась,подняться
на,на
20-е,UNK
место,место
в,в
мире,мир
история,история
первый,первый
матч,матч
сборная,сборная
гондураса,гондурас
провела,провести
в,в
1921,UNK
году,год
и,и
была,быть
разгромлена,разгромить
гватемалой,гватемала
1,UNK
10,UNK
длительное,длительный
время,время
гондурас,гондурас
не,не
мог,мочь
похвастаться,похвастаться
большими,больший
успехами,успех
ограничиваясь,ограничиваться
локальными,локальный
удачами,удача
такими,такой
как,как
победа,победа
над,над
слабой,слабый
сборной,сборная
никарагуа,никарагуа
в,в
1946,UNK
году,год
со,с
счётом,счёт
13,UNK
0,UNK
начиная,начинать
с,с
1960-х,UNK
годов,год
уровень,уровень
и,и
интерес,интерес
к,к
футболу,футбол
в,в
стране,страна
медленно,медленно
но,но
верно,верно
стал,стать
расти,расти
проигрыш,проигрыш
сборной,сборная
гондураса,гондурас
от,от
сборной,сборная
сальвадора,сальвадор
в,в
1969,UNK
году,год
в,в
полуфинале,полуфинал
отборочного,отборочный
этапа,этап
чемпионата,чемпионат
мира,мир
по,по
футболу,футбол
явился,явиться
одним,один
из,из
непосредственных,непосредственный
поводов,повод
к,к
футбольной,футбольный
войне,война
вооружённому,вооружённый
конфликту,конфликт
между,между
этими,этот
странами,страна
первый,первый
золотой,золотой
период,период
в,в
истории,история
сборной,сборная
гондураса,гондурас
пришёлся,прийтись
на,на
начало,начало
1980-х,UNK
годов,год
гондурас,гондурас
был,быть
выбран,выбрать
местом,место
проведения,проведение
чемпионата,чемпионат
конкакаф,конкакаф
для,для
сборных,сборный
ныне,ныне
именуемый,именовать
золотой,золотой
кубок,кубок
конкакаф,конкакаф
гондурасцы,гондурасец
блестяще,блестяще
провели,провести
турнир,турнир
обыграв,обыграть
все,всё
сборные,сборный
занявшие,занять
в,в
таблице,таблица
места,место
ниже,ниже
4-го,UNK
4,UNK
0,UNK
гаити,гаити
2,UNK
0,UNK
куба,куба
2,UNK
1,UNK
канада,канада
сыграв,сыграть
вничью,вничью
0,UNK
0,UNK
с,с
двумя,два
призёрами,призёр
турнира,турнир
сальвадором,сальвадор
и,и
мексикой,мексика
стали,стать
победителями,победитель
турнира,турнир
впервые,впервые
в,в
своей,свой
истории,история
поскольку,поскольку
чемпионат,чемпионат
конкакаф,конкакаф
1981,UNK
года,год
был,быть
одновременно,одновременно
отборочным,отборочный
турниром,турнир
к,к
чемпионату,чемпионат
мира,мир
1982,UNK
года,год
гондурас,гондурас
отправился,отправиться
вместе,вместе
со,с
вторым,второй
призёром,призёр
сальвадором,сальвадор
защищать,защищать
честь,честь
северной,северный
центральной,центральный
америки,америка
и,и
стран,страна
карибского,карибский
бассейна,бассейн
в,в
испанию,испания
команда,команда
достойно,достойно
провела,провести
турнир,турнир
хотя,хотя
и,и
не,не
смогла,смочь
выйти,выйти
из,из
группы,группа
были,быть
добыты,добыть
ничьи,ничья
с,с
хозяевами,хозяин
турнира,турнир
и,и
северной,северный
ирландией,ирландия
по,по
1,UNK
1,UNK
но,но
минимальное,минимальный
поражение,поражение
от,от
югославии,югославия
0,UNK
1,UNK
не,не
позволило,позволить
гондурасу,гондурас
выйти,выйти
в,в
следующий,следующий
раунд,раунд
в,в
1985,UNK
и,и
1991,UNK
годах,год
гондурас,гондурас
дважды,дважды
занимал,занимать
2-е,UNK
место,место
в,в
золотом,золото
кубке,кубок
конкакаф,конкакаф
в,в
2001,UNK
году,год
гондурас,гондурас
пригласили,пригласить
в,в
последний,последний
момент,момент
для,для
участия,участие
в,в
кубке,кубок
америки,америка
прошедшем,прошедшее
в,в
колумбии,колумбия
гондурасцы,гондурасец
в,в
четвертьфинале,четвертьфинал
сенсационно,сенсационно
обыграли,обыграть
сборную,сборная
бразилии,бразилия
а,а
в,в
матче,матч
за,за
3-е,UNK
место,место
обыграли,обыграть
уругвай,уругвай
таким,такой
образом,образ
гондурас,гондурас
занял,занять
призовое,призовой
3-е,UNK
место,место
в,в
своём,свой
единственном,единственный
участии,участие
в,в
одном,один
из,из
самых,самый
престижнейших,престижный
футбольных,футбольный
турниров,турнир
мира,мир
впоследствии,впоследствии
гондурас,гондурас
признавался,признаваться
одной,один
из,из
самых,самый
быстро,быстро
прогрессирующих,прогрессировать
футбольных,футбольный
наций,нация
мира,мир
по,по
версиям,версия
журнала,журнал
world,world
soccer,soccer
мффиис,мффиис
и,и
фифа,фифа
в,в
2009,UNK
году,год
сборная,сборная
гондураса,гондурас
заняла,занять
3-е,UNK
место,место
в,в
финальной,финальный
отборочной,отборочный
группе,группа
конкакаф,конкакаф
и,и
во,в
второй,второй
раз,раз
в,в
своей,свой
истории,история
участвовала,участвовать
в,в
финальной,финальный
стадии,стадия
чемпионата,чемпионат
мира,мир
по,по
футболу,футбол
2010,UNK
в,в
юар,юар
где,где
взяла,взять
только,только
одно,один
очко,очко
сыграв,сыграть
вничью,вничью
со,с
швейцарией,швейцария
0,UNK
0,UNK
две,два
оставшихся,остаться
встречи,встреча
с,с
чили,чили
и,и
испанией,испания
катра,катр
чос,чос
проиграли,проиграть
и,и
заняли,занять
последнее,последний
место,место
в,в
группе,группа
не,не
забив,забить
ни,ни
одного,один
мяча,мяч
в,в
2019,UNK
году,год
сборная,сборная
установила,установить
уникальное,уникальный
достижение,достижение
на,на
золотом,золото
кубке,кубок
конкакаф,конкакаф
гондурас,гондурас
занял,занять
последнее,последний
место,место
в,в
своей,свой
группе,группа
но,но
при,при
этом,это
забил,забить
больше,большой
чем,чем
остальные,остальной
команды,команда
в,в
группе,группа
он,он
забил,забить
6,UNK
мячей,мяч
в,в
то,то
время,время
ямайка,ямайка
забила,забить
4,UNK
гола,гол
1,UNK
место,место
кюрасао,кюрасао
2,UNK
мяча,мяч
2,UNK
место,место
а,а
сальвадор,сальвадор
3,UNK
место,место
поразил,поразить
ворота,ворота
соперников,соперник
лишь,лишь
единожды,единожды
состав,состав
сборной,сборная
следующие,следующий
игроки,игрок
были,быть
вызваны,вызвать
в,в
состав,состав
сборной,сборная
главным,главный
тренером,тренер
эрнаном,эрнан
дарио,дарио
гомесом,гомес
для,для
участия,участие
в,в
матчах,матч
отборочного,отборочный
турнира,турнир
чемпионата,чемпионат
мира,мир
2022,UNK
против,против
сборной,сборная
канады,канада
27,UNK
января,январь
2022,UNK
сборной,сборная
сальвадора,сальвадор
30,UNK
января,январь
2022,UNK
и,и
сборной,сборная
сша,сша
2,UNK
февраля,февраль
2022,UNK
игры,игра
и,и
голы,голый
приведены,привести
по,по
состоянию,состояние
на,на
16,UNK
января,январь
2022,UNK
года,год
участие,участие
в,в
турнирах,турнир
титулы,титул
и,и
достижения,достижение
чемпионат,чемпионат
наций,нация
конкакаф,конкакаф
1981,UNK
бронзовый,бронзовый
призёр,призёр
кубка,кубок
америки,америка
2001,UNK
участник,участник
финальных,финальный
стадий,стадия
чемпионатов,чемпионат
мира,мир
3,UNK
1982,UNK
2010,UNK
2014,UNK
центральноамериканский,центральноамериканский
кубок,кубок
3,UNK
1993,UNK
1995,UNK
2011,UNK
форма,форма
домашняя,домашний
гостевая,гостевой
резервная,резервный
источники,источник
примечания,примечание
ссылки,ссылка
официальный,официальный
сайт,сайт
федерации,федерация
футбола,футбол
гондураса,гондурас
исп,исп
сборная,сборная
гондураса,гондурас
на,на
сайте,сайт
фифа,фифа
англ,англ
футбольная,футбольный
война,война
исп,исп
guerra,guerra
del,del
f,f
tbol,tbol
также,также
известная,известный
как,как
сточасовая,сточасовой
война,война
скоротечный,скоротечный
военный,военный
конфликт,конфликт
между,между
сальвадором,сальвадор
и,и
гондурасом,гондурас
продолжавшийся,продолжаться
шесть,шесть
дней,день
с,с
14,UNK
по,по
20,UNK
июля,июль
1969,UNK
года,год
непосредственным,непосредственный
поводом,повод
к,к
войне,война
послужил,послужить
проигрыш,проигрыш
команды,команда
гондураса,гондурас
команде,команда
сальвадора,сальвадор
в,в
матчах,матч
плей-офф,UNK
отборочного,отборочный
этапа,этап
чемпионата,чемпионат
мира,мир
по,по
футболу,футбол
чем,чем
и,и
объясняется,объясняться
данное,данный
конфликту,конфликт
название,название
несмотря,несмотря
на,на
скоротечность,скоротечность
война,война
дорого,дорого
обошлась,обойтись
обеим,оба
сторонам,сторона
общие,общий
потери,потеря
составили,составить
несколько,несколько
тысяч,тысяча
человек,человек
был,быть
расстроен,расстроить
региональный,региональный
интеграционный,интеграционный
проект,проект
центральноамериканского,центральноамериканский
общего,общий
рынка,рынок
предыстория,предыстория
и,и
причины,причина
одной,один
из,из
причин,причина
войны,война
был,быть
давний,давний
начавшийся,начаться
в,в
xix,xix
веке,век
спор,спор
между,между
двумя,два
странами,страна
относительно,относительно
демаркации,демаркация
границы,граница
кроме,кроме
того,тот
правительство,правительство
и,и
деловые,деловой
круги,круг
гондураса,гондурас
были,быть
раздражены,раздражить
существенными,существенный
торговыми,торговый
преимуществами,преимущество
которые,который
с,с
начала,начало
1960-х,UNK
годов,год
оказались,оказаться
предоставлены,предоставить
более,более
развитой,развитой
сальвадорской,сальвадорский
экономике,экономика
по,по
правилам,правило
организации,организация
центральноамериканского,центральноамериканский
общего,общий
рынка,рынок
первоначально,первоначально
после,после
подписания,подписание
в,в
июне,июнь
1958,UNK
года,год
договора,договор
о,о
свободной,свободный
торговле,торговля
и,и
экономической,экономический
интеграции,интеграция
между,между
четырьмя,четыре
странами,страна
центральной,центральный
америки,америка
на,на
основе,основа
которого,который
после,после
подписания,подписание
16,UNK
декабря,декабрь
1960,UNK
года,год
дополнительного,дополнительный
соглашения,соглашение
возник,возникнуть
цаор,цаор
преимущества,преимущество
получили,получить
наиболее,наиболее
промышленно,промышленно
развитые,развитой
страны,страна
гондурас,гондурас
и,и
сальвадор,сальвадор
но,но
в,в
дальнейшем,дальнейший
промышленность,промышленность
гондураса,гондурас
стала,стать
проигрывать,проигрывать
промышленности,промышленность
сальвадора,сальвадор
для,для
стабилизации,стабилизация
экономического,экономический
положения,положение
в,в
стране,страна
правительство,правительство
гондураса,гондурас
было,быть
вынуждено,вынудить
ввести,ввести
чрезвычайные,чрезвычайный
налоги,налог
на,на
товары,товар
широкого,широкий
потребления,потребление
сначала,сначала
в,в
размере,размер
3,UNK
затем,затем
они,они
были,быть
увеличены,увеличить
к,к
1969,UNK
году,год
задолженность,задолженность
гондураса,гондурас
сальвадору,сальвадор
составляла,составлять
почти,почти
половину,половина
от,от
суммы,сумма
задолженности,задолженность
гондураса,гондурас
всем,весь
странам,страна
цаор,цаор
начало,начало
войны,война
позволяло,позволять
правительству,правительство
гондураса,гондурас
не,не
только,только
ликвидировать,ликвидировать
вопрос,вопрос
о,о
задолженности,задолженность
но,но
и,и
укрепить,укрепить
экономическое,экономический
положение,положение
страны,страна
за,за
счёт,счёт
имущества,имущество
сальвадорцев,сальвадорец
ещё,ещё
один,один
комплекс,комплекс
проблем,проблема
был,быть
связан,связать
с,с
сальвадорскими,сальвадорский
поселенцами,поселенец
на,на
территории,территория
гондураса,гондурас
сальвадор,сальвадор
являлся,являться
самым,самый
малым,малое
по,по
площади,площадь
и,и
самым,самый
густонаселённым,густонаселённый
из,из
всех,весь
центральноамериканских,центральноамериканский
государств,государство
обладал,обладать
более,более
развитой,развитой
экономикой,экономика
но,но
испытывал,испытывать
острую,острый
нехватку,нехватка
пригодных,пригодный
для,для
обработки,обработка
земель,земля
большая,больший
часть,часть
земли,земля
в,в
сальвадоре,сальвадор
контролировалась,контролироваться
крупными,крупный
землевладельцами,землевладелец
что,что
приводило,приводить
к,к
земельному,земельный
голоду,голод
и,и
миграции,миграция
безземельных,безземельный
крестьян,крестьянин
в,в
соседний,соседний
гондурас,гондурас
гондурас,гондурас
по,по
территории,территория
был,быть
гораздо,гораздо
больше,большой
соседа,сосед
не,не
так,так
густо,густо
населён,населить
и,и
слабее,слабый
развит,развитой
экономически,экономически
однако,однако
свыше,свыше
200,UNK
тысяч,тысяча
гектаров,гектар
18,UNK
земель,земля
сельскохозяйственного,сельскохозяйственный
назначения,назначение
находилось,находиться
в,в
собственности,собственность
компаний,компания
сша,сша
что,что
увеличивало,увеличивать
земельный,земельный
голод,голод
в,в
стране,страна
переселение,переселение
сальвадорцев,сальвадорец
в,в
гондурас,гондурас
в,в
поисках,поиск
свободных,свободный
земель,земля
и,и
заработка,заработок
началось,начаться
в,в
1930-е,UNK
годы,год
большинство,большинство
мигрантов,мигрант
прибывали,прибывать
в,в
страну,страна
незаконно,незаконно
они,они
занимали,занимать
пустующие,пустовать
земли,земля
и,и
начинали,начинать
их,они
обрабатывать,обрабатывать
таким,такой
образом,образ
возникали,возникать
целые,целый
нелегальные,нелегальный
поселения,поселение
переселенцы,переселенец
из,из
сальвадора,сальвадор
соглашались,соглашаться
работать,работать
на,на
банановых,банановый
плантациях,плантация
за,за
меньшую,малый
плату,плата
чем,чем
местные,местный
крестьяне,крестьянин
что,что
привело,привести
к,к
росту,рост
антисальвадорских,антисальвадорский
настроений,настроение
в,в
гондурасе,гондурас
летом,лето
1961,UNK
года,год
на,на
территории,территория
гондураса,гондурас
в,в
районе,район
населённого,населить
пункта,пункт
асьенда-де-долорес,UNK
произошло,произойти
столкновение,столкновение
группы,группа
сальвадорцев,сальвадорец
с,с
патрулём,патруль
гражданской,гражданский
гвардии,гвардия
гондураса,гондурас
в,в
ходе,ход
которого,который
был,быть
застрелен,застрелить
гражданин,гражданин
сальвадора,сальвадор
альберто,альберто
чавес,чавес
alberto,alberto
ch,ch
vez,vez
этот,этот
инцидент,инцидент
привёл,привести
к,к
ухудшению,ухудшение
отношений,отношение
между,между
странами,страна
19,UNK
июня,июнь
1961,UNK
года,год
правительство,правительство
сальвадора,сальвадор
официально,официально
потребовало,потребовать
от,от
правительства,правительство
гондураса,гондурас
провести,провести
расследование,расследование
обстоятельств,обстоятельство
гибели,гибель
сальвадорца,сальвадорец
в,в
сентябре,сентябрь
1962,UNK
года,год
правительство,правительство
гондураса,гондурас
приняло,принять
закон,закон
о,о
земельной,земельный
реформе,реформа
в,в
соответствии,соответствие
с,с
которой,который
началось,начаться
перераспределение,перераспределение
земель,земля
занятых,занятой
нелегальными,нелегальный
мигрантами,мигрант
в,в
пользу,польза
граждан,гражданин
гондураса,гондурас
при,при
этом,это
просьбы,просьба
сальвадорцев,сальвадорец
о,о
предоставлении,предоставление
им,они
гражданства,гражданство
оставались,оставаться
без,без
рассмотрения,рассмотрение
после,после
того,тот
как,как
власти,власть
гондураса,гондурас
начали,начать
депортацию,депортация
сальвадорцев,сальвадорец
с,с
территории,территория
страны,страна
отношения,отношение
между,между
сальвадором,сальвадор
и,и
гондурасом,гондурас
стали,стать
ещё,ещё
более,более
напряжёнными,напрячь
в,в
1966,UNK
году,год
крупными,крупный
землевладельцами,землевладелец
гондураса,гондурас
была,быть
создана,создать
федерация,федерация
землевладельцев,землевладелец
и,и
животноводов,животновод
которая,который
выступала,выступать
против,против
предоставления,предоставление
земли,земля
сальвадорцам,сальвадорец
в,в
начале,начало
июня,июнь
1967,UNK
года,год
пограничная,пограничный
охрана,охрана
гондураса,гондурас
задержала,задержать
два,два
военных,военный
грузовика,грузовик
армии,армия
сальвадора,сальвадор
что,что
ухудшило,ухудшить
отношения,отношение
между,между
странами,страна
эскалация,эскалация
конфликта,конфликт
напряжение,напряжение
в,в
двусторонних,двусторонний
отношениях,отношение
постепенно,постепенно
усиливалось,усиливаться
в,в
течение,течение
двух,два
предшествующих,предшествовать
конфликту,конфликт
лет,год
режим,режим
гондурасского,гондурасский
президента,президент
освальдо,освальдо
лопеса,лопес
арельяно,арельяно
1963,UNK
1971,UNK
испытывал,испытывать
значительные,значительный
экономические,экономический
и,и
политические,политический
трудности,трудность
и,и
решил,решить
использовать,использовать
сальвадорских,сальвадорский
поселенцев,поселенец
в,в
качестве,качество
удобного,удобный
козла,козёл
отпущения,отпущение
обе,оба
страны,страна
испытывали,испытывать
значительные,значительный
экономические,экономический
трудности,трудность
обе,оба
управлялись,управляться
военными,военный
оба,оба
правительства,правительство
стремились,стремиться
отвлечь,отвлечь
внимание,внимание
населения,население
от,от
насущных,насущный
внутриполитических,внутриполитический
и,и
экономических,экономический
проблем,проблема
особенно,особенно
сложной,сложный
была,быть
обстановка,обстановка
в,в
гондурасе,гондурас
где,где
в,в
сентябре,сентябрь
1968,UNK
года,год
на,на
северном,северный
побережье,побережье
вспыхнула,вспыхнуть
забастовка,забастовка
сельскохозяйственных,сельскохозяйственный
рабочих,рабочий
к,к
которой,который
присоединились,присоединиться
рабочие,рабочий
промышленных,промышленный
предприятий,предприятие
мелкие,мелкий
торговцы,торговец
ремесленники,ремесленник
и,и
студенты,студент
столичного,столичный
университета,университет
правительство,правительство
объявило,объявить
в,в
стране,страна
осадное,осадный
положение,положение
и,и
направило,направить
почти,почти
все,всё
силы,сила
полиции,полиция
и,и
армии,армия
на,на
подавление,подавление
забастовки,забастовка
в,в
результате,результат
протесты,протест
были,быть
подавлены,подавить
к,к
1969,UNK
году,год
на,на
территории,территория
гондураса,гондурас
проживало,проживать
около,около
200,UNK
тысяч,тысяча
сальвадорцев,сальвадорец
и,и
гуанако,гуанако
выходцев,выходец
из,из
сальвадора,сальвадор
многие,многие
из,из
которых,который
проживали,проживать
на,на
территории,территория
гондураса,гондурас
длительное,длительный
время,время
при,при
этом,это
не,не
более,более
50,UNK
тысяч,тысяча
из,из
них,они
являлись,являться
гражданами,гражданин
гондураса,гондурас
или,или
имели,иметь
иные,иной
документы,документ
легализовавшие,легализовать
их,они
статус,статус
на,на
территории,территория
гондураса,гондурас
в,в
январе,январь
1969,UNK
года,год
правительство,правительство
отказалось,отказаться
продлить,продлить
заключённый,заключить
в,в
1967,UNK
году,год
двусторонний,двусторонний
договор,договор
с,с
сальвадором,сальвадор
об,о
иммиграции,иммиграция
в,в
апреле,апрель
оно,оно
заявило,заявить
о,о
намерении,намерение
лишать,лишать
собственности,собственность
и,и
высылать,высылать
из,из
страны,страна
тех,тот
кто,кто
приобрёл,приобрести
землю,земля
в,в
рамках,рамка
аграрной,аграрный
реформы,реформа
не,не
предоставив,предоставить
требуемые,требовать
законом,закон
доказательства,доказательство
того,тот
что,что
приобретатель,приобретатель
является,являться
гражданином,гражданин
гондураса,гондурас
по,по
рождению,рождение
в,в
средствах,средство
массовой,массовый
информации,информация
была,быть
развёрнута,развернуть
кампания,кампания
объясняющая,объяснять
рост,рост
безработицы,безработица
и,и
снижение,снижение
зарплат,зарплата
наплывом,наплыв
рабочих-мигрантов,UNK
из,из
сальвадора,сальвадор
в,в
апреле,апрель
1969,UNK
года,год
в,в
гондурасе,гондурас
начали,начать
массово,массово
выселять,выселять
и,и
депортировать,депортировать
сальвадорских,сальвадорский
поселенцев,поселенец
и,и
мигрантов,мигрант
в,в
конце,конец
мая,май
из,из
гондураса,гондурас
в,в
перенаселённый,перенаселить
сальвадор,сальвадор
потянулся,потянуться
поток,поток
лишённых,лишённый
собственности,собственность
мигрантов,мигрант
изображения,изображение
беженцев,беженец
и,и
их,они
рассказы,рассказ
заполнили,заполнить
страницы,страница
сальвадорских,сальвадорский
газет,газета
и,и
экраны,экран
телевизоров,телевизор
начали,начать
циркулировать,циркулировать
слухи,слух
о,о
насилии,насилие
чинимом,чинить
гондурасскими,гондурасский
военными,военный
при,при
высылке,высылка
иммигрантов,иммигрант
напряжение,напряжение
в,в
отношениях,отношение
между,между
двумя,два
странами,страна
приближалось,приближаться
к,к
критической,критический
точке,точка
государственные,государственный
службы,служба
сальвадора,сальвадор
не,не
справлялись,справляться
с,с
потоком,поток
согнанных,согнать
с,с
земли,земля
беженцев,беженец
в,в
обществе,общество
росло,расти
недовольство,недовольство
грозившее,грозить
вылиться,вылиться
в,в
социальный,социальный
взрыв,взрыв
доверие,доверие
к,к
правительству,правительство
падало,падать
успех,успех
в,в
конфликте,конфликт
с,с
гондурасом,гондурас
мог,мочь
помочь,помочь
ему,он
вернуть,вернуть
себе,себя
поддержку,поддержка
населения,население
накануне,накануне
войны,война
инцидент,инцидент
спровоцировавший,спровоцировать
открытые,открытый
военные,военный
действия,действие
и,и
давший,дать
войне,война
название,название
произошёл,произойти
в,в
сан-сальвадоре,UNK
в,в
июне,июнь
1969,UNK
года,год
в,в
течение,течение
месяца,месяц
футбольные,футбольный
команды,команда
двух,два
стран,страна
должны,должный
были,быть
провести,провести
два,два
матча,матч
за,за
выход,выход
в,в
финальную,финальный
часть,часть
чемпионата,чемпионат
мира,мир
по,по
футболу,футбол
1970,UNK
года,год
в,в
случае,случай
если,если
каждая,каждый
сборная,сборная
выиграла,выиграть
бы,бы
по,по
одному,один
матчу,матч
назначался,назначаться
третий,третий
беспорядки,беспорядок
возникали,возникать
и,и
во,в
время,время
первого,первый
матча,матч
в,в
тегусигальпе,тегусигальпа
и,и
после,после
него,он
некая,некий
гражданка,гражданка
сальвадора,сальвадор
застрелилась,застрелиться
заявив,заявить
что,что
не,не
может,мочь
пережить,пережить
такого,такой
позора,позор
своей,свой
страны,страна
а,а
во,в
время,время
второго,второй
матча,матч
в,в
сан-сальвадоре,UNK
они,они
достигли,достигнуть
угрожающих,угрожать
масштабов,масштаб
в,в
сальвадоре,сальвадор
были,быть
избиты,избитый
гондурасские,гондурасский
футболисты,футболист
и,и
болельщики,болельщик
сожжены,сжечь
гондурасские,гондурасский
флаги,флаг
по,по
гондурасу,гондурас
прокатилась,прокатиться
ответная,ответный
волна,волна
нападений,нападение
на,на
сальвадорцев,сальвадорец
включая,включая
двух,два
вице-консулов,UNK
15,UNK
июня,июнь
правительство,правительство
гондураса,гондурас
обратилось,обратиться
в,в
межамериканскую,межамериканский
комиссию,комиссия
по,по
правам,право
человека,человек
с,с
требованием,требование
рассмотреть,рассмотреть
вопрос,вопрос
о,о
нападении,нападение
на,на
граждан,гражданин
гондураса,гондурас
на,на
территории,территория
сальвадора,сальвадор
в,в
ответ,ответ
правительство,правительство
сальвадора,сальвадор
потребовало,потребовать
рассмотреть,рассмотреть
вопрос,вопрос
о,о
нападениях,нападение
на,на
сальвадорцев,сальвадорец
на,на
территории,территория
гондураса,гондурас
эмоции,эмоция
накалились,накалиться
до,до
предела,предел
в,в
прессе,пресса
обеих,оба
стран,страна
поднялась,подняться
настоящая,настоящий
истерия,истерия
20,UNK
июня,июнь
правительство,правительство
гондураса,гондурас
заявило,заявить
протест,протест
против,против
оскорбительного,оскорбительный
поведения,поведение
публики,публика
на,на
стадионе,стадион
во,в
время,время
футбольного,футбольный
матча,матч
15,UNK
июня,июнь
1969,UNK
года,год
в,в
ответ,ответ
министр,министр
иностранных,иностранный
дел,дело
сальвадора,сальвадор
выступил,выступить
с,с
заявлением,заявление
что,что
сальвадорские,сальвадорский
граждане,гражданин
подвергаются,подвергаться
преследованиям,преследование
в,в
гондурасе,гондурас
их,они
жизнь,жизнь
и,и
собственность,собственность
находятся,находиться
под,под
угрозой,угроза
и,и
что,что
880,UNK
сальвадорцев,сальвадорец
уже,уже
бежали,бежать
из,из
гондураса,гондурас
в,в
сальвадор,сальвадор
24,UNK
июня,июнь
сальвадор,сальвадор
начал,начать
мобилизацию,мобилизация
вооружённых,вооружённый
сил,сила
26,UNK
июня,июнь
сальвадор,сальвадор
объявил,объявить
о,о
прекращении,прекращение
дипломатических,дипломатический
отношений,отношение
с,с
гондурасом,гондурас
27,UNK
июня,июнь
сразу,сразу
после,после
поражения,поражение
в,в
третьем,третий
матче,матч
в,в
котором,который
хосе,хосе
антонио,антонио
кинтанилья,кинтанилья
забил,забить
победный,победный
гол,гол
гондурас,гондурас
разорвал,разорвать
дипломатические,дипломатический
отношения,отношение
с,с
сальвадором,сальвадор
в,в
целом,целое
с,с
обеих,оба
сторон,сторона
с,с
начала,начало
футбольного,футбольный
кризиса,кризис
6,UNK
июня,июнь
до,до
27,UNK
июня,июнь
1969,UNK
года,год
жертвами,жертва
конфликта,конфликт
стали,стать
120,UNK
человек,человек
а,а
материальные,материальный
потери,потеря
составили,составить
50,UNK
млн,млн
долларов,доллар
сша,сша
11,UNK
600,UNK
беженцев-сальвадорцев,UNK
из,из
гондураса,гондурас
были,быть
размещены,разместить
в,в
лагерях,лагерь
в,в
приграничных,приграничный
районах,район
сальвадора,сальвадор
3,UNK
июля,июль
сначала,сначала
транспортный,транспортный
самолёт,самолёт
dc-3,UNK
а,а
затем,затем
два,два
вылетевших,вылететь
к,к
границе,граница
штурмовика,штурмовик
t-28,UNK
ввс,ввс
гондураса,гондурас
были,быть
обстреляны,обстрелять
зенитной,зенитный
артиллерией,артиллерия
с,с
территории,территория
сальвадора,сальвадор
позднее,поздний
в,в
этот,этот
же,же
день,день
сальвадорский,сальвадорский
лёгкий,лёгкий
самолёт,самолёт
piper,piper
pa-28,UNK
cherokee,cherokee
бортовой,бортовый
номер,номер
ys-234p,UNK
нарушил,нарушить
воздушное,воздушный
пространство,пространство
гондураса,гондурас
ушёл,уйти
от,от
преследования,преследование
двух,два
вылетевших,вылететь
на,на
перехват,перехват
гондурасских,гондурасский
t-28,UNK
и,и
вернулся,вернуться
в,в
воздушное,воздушный
пространство,пространство
сальвадора,сальвадор
в,в
ответ,ответ
12,UNK
июля,июль
правительство,правительство
гондураса,гондурас
перебросило,перебросить
несколько,несколько
боевых,боевой
самолётов,самолёт
к,к
границе,граница
с,с
сальвадором,сальвадор
разместив,разместить
их,они
на,на
авиабазе,авиабаза
в,в
сан-педро-сула,UNK
здесь,здесь
было,быть
развёрнуто,развернуть
северное,северный
командование,командование
ввс,ввс
гондураса,гондурас
comando,comando
norte,norte
de,de
la,la
fuerza,fuerza
a,a
rea,rea
hondure,hondure
a,a
военные,военный
действия,действие
по,по
некоторым,некоторый
сведениям,сведение
первое,первый
вооружённое,вооружённый
столкновение,столкновение
на,на
линии,линия
границы,граница
произошло,произойти
11,UNK
июля,июль
1969,UNK
года,год
вслед,вслед
за,за
этим,это
12,UNK
июля,июль
президент,президент
гондураса,гондурас
объявил,объявить
о,о
перемещении,перемещение
к,к
границе,граница
дополнительных,дополнительный
армейских,армейский
подразделений,подразделение
по,по
данным,данные
японской,японский
газеты,газета
асахи,асаха
симбун,симбуна
столкновение,столкновение
сальвадорских,сальвадорский
и,и
гондурасских,гондурасский
военнослужащих,военнослужащий
в,в
районе,район
линии,линия
границы,граница
произошло,произойти
12,UNK
июля,июль
1969,UNK
года,год
после,после
чего,что
между,между
ними,они
произошла,произойти
перестрелка,перестрелка
но,но
позднее,поздний
правительство,правительство
сальвадора,сальвадор
выступило,выступить
с,с
официальным,официальный
сообщением,сообщение
что,что
стрельба,стрельба
в,в
районе,район
селения,селение
эль-пой,UNK
возле,возле
границы,граница
между,между
сальвадором,сальвадор
и,и
гондурасом,гондурас
началась,начаться
ранним,ранний
утром,утром
13,UNK
июля,июль
1969,UNK
года,год
14,UNK
июля,июль
во,в
второй,второй
половине,половина
дня,день
сальвадорские,сальвадорский
вооружённые,вооружённый
силы,сила
перешли,переслать
в,в
наступление,наступление
в,в
котором,который
участвовали,участвовать
пять,пять
пехотных,пехотный
батальонов,батальон
и,и
девять,девять
рот,рот
национальной,национальный
гвардии,гвардия
сведённые,свести
в,в
две,два
боевые,боевой
группы,группа
под,под
командованием,командование
генерала,генерал
хосе,хосе
альберто,альберто
медрано,медраный
наступление,наступление
развивалось,развиваться
вдоль,вдоль
основных,основный
дорог,дорога
соединяющих,соединять
две,два
страны,страна
в,в
направлении,направление
городов,город
грасьяс,грасьяс
и,и
нуэва-окотепеке,UNK
одновременно,одновременно
сальвадорские,сальвадорский
ввс,ввс
нанесли,нанести
удары,удар
по,по
аэродрому,аэродром
тонконтин,тонконтина
в,в
тегусигальпе,тегусигальпа
скоплениям,скопление
гондурасских,гондурасский
войск,войско
в,в
районе,район
границы,граница
а,а
также,также
по,по
целям,цель
на,на
принадлежащих,принадлежащий
гондурасу,гондурас
островах,остров
в,в
заливе,залив
фонсека,фонсек
при,при
этом,это
один,один
из,из
участвовавших,участвовать
в,в
авианалёте,авианалёт
сальвадорских,сальвадорский
истребителей,истребитель
tf-51d,UNK
совершил,совершить
вынужденную,вынужденный
посадку,посадка
на,на
территории,территория
гватемалы,гватемала
и,и
был,быть
интернирован,интернировать
правительство,правительство
гондураса,гондурас
выступило,выступить
с,с
сообщением,сообщение
что,что
в,в
этот,этот
день,день
самолёты,самолёт
сальвадорских,сальвадорский
ввс,ввс
бомбили,бомбить
населённые,населённый
пункты,пункт
нуэва-окотепеке,UNK
санта-роса-де-копан,UNK
грасьяс,грасьяс
и,и
чолутека,чолутека
в,в
ответ,ответ
в,в
ночь,ночь
на,на
15,UNK
июля,июль
гондурасские,гондурасский
самолёты,самолёт
атаковали,атаковать
авиабазу,авиабаза
илопанго,илопанго
повредив,повредить
взлётно-посадочную,UNK
полосу,полоса
и,и
серьёзно,серьёзно
повредив,повредить
нефтехранилища,нефтехранилище
после,после
этого,это
правительство,правительство
сальвадора,сальвадор
ввело,ввести
на,на
территории,территория
страны,страна
режим,режим
осадного,осадный
положения,положение
сроком,срок
30,UNK
дней,день
в,в
ходе,ход
наземной,наземный
операции,операция
сальвадорским,сальвадорский
войскам,войско
поначалу,поначалу
сопутствовал,сопутствовать
успех,успех
к,к
вечеру,вечер
15,UNK
июля,июль
сальвадорская,сальвадорский
армия,армия
более,более
многочисленная,многочисленный
и,и
лучше,хороший
вооружённая,вооружённый
чем,чем
противостоящая,противостоящий
ей,она
армия,армия
гондураса,гондурас
продвинулась,продвинуться
на,на
8,UNK
км,км
и,и
заняла,занять
два,два
населённых,населить
пункта,пункт
впоследствии,впоследствии
впрочем,впрочем
сальвадорское,сальвадорский
наступление,наступление
захлебнулось,захлебнуться
из-за,UNK
недостатка,недостаток
топлива,топливо
и,и
боеприпасов,боеприпас
а,а
также,также
усилившегося,усилиться
противодействия,противодействие
со,с
стороны,сторона
гондурасских,гондурасский
вооружённых,вооружённый
сил,сила
на,на
следующий,следующий
день,день
после,после
начала,начало
войны,война
была,быть
собрана,собрать
чрезвычайная,чрезвычайный
сессия,сессия
организации,организация
американских,американский
государств,государство
призвавшая,призвать
к,к
прекращению,прекращение
огня,огонь
и,и
выводу,вывод
сальвадорских,сальвадорский
войск,войско
из,из
гондураса,гондурас
16,UNK
июля,июль
в,в
приграничных,приграничный
районах,район
продолжались,продолжаться
бои,бой
между,между
частями,часть
сальвадорской,сальвадорский
и,и
гондурасской,гондурасский
армий,армия
кроме,кроме
того,тот
части,часть
гондурасской,гондурасский
армии,армия
предприняли,предпринять
попытку,попытка
контрнаступления,контрнаступление
с,с
целью,цель
захватить,захватить
город,город
чалатенанго,чалатенанго
в,в
течение,течение
дня,день
по,по
прямому,прямой
приказу,приказ
военного,военный
командования,командование
из,из
тегусигальпы,тегусигальпа
в,в
санта-роса-де-копан,UNK
по,по
воздуху,воздух
был,быть
переброшен,перебросить
батальон,батальон
президентской,президентский
гвардии,гвардия
guardia,guardia
de,de
honor,honor
battalion,battalion
в,в
операции,операция
были,быть
задействованы,задействовать
4,UNK
транспортных,транспортный
самолёта,самолёт
c-47,UNK
а,а
также,также
сопровождавшие,сопровождать
их,они
пять,пять
истребителей,истребитель
f4u,UNK
и,и
несколько,несколько
штурмовиков,штурмовик
t-28a,UNK
к,к
17,UNK
июля,июль
сальвадорские,сальвадорский
войска,войско
продвинулись,продвинуться
до,до
70,UNK
км,км
в,в
глубину,глубина
территории,территория
гондураса,гондурас
в,в
это,это
же,же
время,время
продолжались,продолжаться
ожесточённые,ожесточённый
бои,бой
за,за
столицу,столица
департамента,департамент
город,город
нуэва,нуэв
окотепеке,окотепек
расположенный,расположить
в,в
8,UNK
км,км
от,от
границы,граница
правительство,правительство
гондураса,гондурас
сделало,сделать
заявление,заявление
о,о
том,тот
что,что
в,в
воздушном,воздушный
бою,бой
сбит,сбить
один,один
самолёт,самолёт
ввс,ввс
сальвадора,сальвадор
а,а
правительство,правительство
сальвадора,сальвадор
заявило,заявить
что,что
были,быть
сбиты,сбить
четыре,четыре
самолёта,самолёт
ввс,ввс
гондураса,гондурас
около,около
12,UNK
часов,час
дня,день
три,три
истребителя,истребитель
f4u-5n,UNK
военно-воздушных,UNK
сил,сила
гондураса,гондурас
вылетевшие,вылететь
для,для
нанесения,нанесение
удара,удар
по,по
позициям,позиция
сальвадорской,сальвадорский
артиллерии,артиллерия
в,в
районе,район
эль-аматильо,UNK
встретились,встретиться
с,с
двумя,два
истребителями,истребитель
f-51d,UNK
cavalier,cavalier
mustang,mustang
ii,ii
военно-воздушных,UNK
сил,сила
сальвадора,сальвадор
вылетевшими,вылететь
для,для
поддержки,поддержка
действий,действие
9-го,UNK
пехотного,пехотный
батальона,батальон
сальвадорской,сальвадорский
армии,армия
в,в
ходе,ход
боя,бой
был,быть
сбит,сбить
сальвадорский,сальвадорский
f-51d,UNK
бортовой,бортовый
номер,номер
fas-404,UNK
позднее,поздний
в,в
этот,этот
же,же
день,день
в,в
воздушном,воздушный
бою,бой
с,с
тремя,три
f4u-5n,UNK
военно-воздушных,UNK
сил,сила
гондураса,гондурас
были,быть
сбиты,сбить
ещё,ещё
два,два
сальвадорских,сальвадорский
истребителя,истребитель
goodyear,goodyear
fg-1d,UNK
corsair,corsair
s,s
fas-203,UNK
и,и
fas-204,UNK
а,а
четвёртый,четвёртый
сальвадорский,сальвадорский
fg-1d,UNK
был,быть
сбит,сбить
огнём,огонь
с,с
земли,земля
18,UNK
июля,июль
оаг,оаг
предложила,предложить
проект,проект
соглашения,соглашение
об,о
урегулировании,урегулирование
конфликта,конфликт
в,в
соответствии,соответствие
с,с
которым,который
боевые,боевой
действия,действие
должны,должный
были,быть
быть,быть
прекращены,прекратить
в,в
срок,срок
до,до
22,UNK
00,UNK
часов,час
21,UNK
июля,июль
1969,UNK
года,год
войска,войско
сторон,сторона
отведены,отвести
на,на
расстояние,расстояние
в,в
три,три
мили,миля
5,UNK
км,км
от,от
линии,линия
границы,граница
а,а
населению,население
в,в
зоне,зона
боевых,боевой
действий,действие
должны,должный
быть,быть
предоставлены,предоставить
гарантии,гарантия
защиты,защита
жизни,жизнь
и,и
имущества,имущество
сальвадор,сальвадор
и,и
гондурас,гондурас
выступили,выступить
с,с
заявлениями,заявление
что,что
в,в
целом,целое
они,они
готовы,готовый
принять,принять
предложение,предложение
оаг,оаг
однако,однако
предложили,предложить
внести,внести
в,в
текст,текст
соглашения,соглашение
поправки,поправка
обсуждение,обсуждение
которых,который
затянуло,затянуть
переговорный,переговорный
процесс,процесс
18,UNK
июля,июль
стороны,сторона
согласились,согласиться
на,на
прекращение,прекращение
огня,огонь
которое,который
продолжалось,продолжаться
в,в
течение,течение
шести,шесть
часов,час
затем,затем
боевые,боевой
действия,действие
возобновились,возобновиться
сальвадорская,сальвадорский
артиллерия,артиллерия
открыла,открыть
огонь,огонь
по,по
позициям,позиция
гондурасских,гондурасский
войск,войско
в,в
районе,район
эль-аматильо,UNK
а,а
девять,девять
гондурасских,гондурасский
самолётов,самолёт
начали,начать
бомбить,бомбить
позиции,позиция
сальвадорских,сальвадорский
войск,войско
самолёты,самолёт
ввс,ввс
гондураса,гондурас
несколько,несколько
раз,раз
бомбили,бомбить
позиции,позиция
сальвадорских,сальвадорский
войск,войско
авиабомбами,авиабомба
с,с
напалмом,напалм
по,по
предварительным,предварительный
подсчётам,подсчёт
в,в
период,период
с,с
14,UNK
по,по
18,UNK
июля,июль
за,за
пять,пять
первых,первый
дней,день
конфликта,конфликт
погибло,погибнуть
около,около
трёх,три
тысяч,тысяча
граждан,гражданин
гондураса,гондурас
и,и
около,около
тысячи,тысяча
граждан,гражданин
сальвадора,сальвадор
19,UNK
июля,июль
сальвадорские,сальвадорский
войска,войско
захватили,захватить
город,город
нуэва,нуэв
окотепеке,окотепек
и,и
подняли,поднять
сальвадорский,сальвадорский
флаг,флаг
на,на
центральной,центральный
площади,площадь
города,город
в,в
этот,этот
же,же
день,день
президент,президент
сальвадора,сальвадор
генерал,генерал
санчес,санчёс
эрнандес,эрнандес
заявил,заявить
что,что
войска,войско
не,не
уйдут,уйти
с,с
занятой,занятой
ими,они
территории,территория
пока,пока
правительство,правительство
гондураса,гондурас
не,не
даст,дать
гарантии,гарантия
безопасности,безопасность
для,для
280,UNK
тысяч,тысяча
сальвадорцев,сальвадорец
проживающих,проживать
на,на
территории,территория
гондураса,гондурас
в,в
город,город
въехали,въехать
три,три
танка,танк
m3a1,UNK
стюарт,стюарт
сальвадорской,сальвадорский
армии,армия
которые,который
были,быть
размещены,разместить
неподалёку,неподалёку
от,от
позиций,позиция
гондурасской,гондурасский
армии,армия
в,в
этот,этот
же,же
день,день
подразделение,подразделение
гондурасской,гондурасский
армии,армия
отбило,отбить
атаку,атака
сальвадорской,сальвадорский
армии,армия
в,в
районе,район
селения,селение
эль-пой,UNK
кроме,кроме
того,тот
как,как
сообщило,сообщить
правительство,правительство
гондураса,гондурас
самолёты,самолёт
ввс,ввс
гондураса,гондурас
сбросили,сбросить
бомбы,бомба
на,на
колонну,колонна
из,из
40,UNK
военных,военный
грузовиков,грузовик
в,в
четыре,четыре
часа,час
по,по
гринвичу,гринвич
вступило,вступить
в,в
силу,сила
перемирие,перемирие
к,к
20,UNK
июля,июль
боевые,боевой
действия,действие
полностью,полностью
прекратились,прекратиться
по,по
состоянию,состояние
на,на
23,UNK
июля,июль
сальвадорские,сальвадорский
войска,войско
продолжали,продолжать
удерживать,удерживать
около,около
400,UNK
км,км
территории,территория
и,и
10,UNK
населённых,населить
пунктов,пункт
на,на
территории,территория
четырёх,четыре
юго-западных,UNK
департаментов,департамент
гондураса,гондурас
и,и
правительство,правительство
не,не
производило,производить
никакой,никакой
подготовки,подготовка
к,к
их,они
отводу,отвод
напротив,напротив
для,для
них,они
перебрасывали,перебрасывать
дополнительное,дополнительный
снаряжение,снаряжение
в,в
это,это
же,же
время,время
сальвадорские,сальвадорский
печатные,печатный
издания,издание
начали,начать
публиковать,публиковать
документы,документ
которыми,который
обосновывались,обосновываться
права,право
сальвадора,сальвадор
на,на
занятые,занятой
территории,территория
после,после
инспекционной,инспекционный
поездки,поездка
по,по
занятой,занятой
сальвадорскими,сальвадорский
войсками,войско
территории,территория
гондураса,гондурас
президент,президент
санчес,санчёс
вновь,вновь
заявил,заявить
войска,войско
не,не
будут,быть
выведены,вывести
с,с
позиций,позиция
пока,пока
не,не
будут,быть
получены,получить
гарантии,гарантия
для,для
280,UNK
тысяч,тысяча
сальвадорцев,сальвадорец
в,в
гондурасе,гондурас
в,в
течение,течение
следующих,следующий
нескольких,несколько
дней,день
сальвадор,сальвадор
сопротивлялся,сопротивляться
призывам,призыв
оаг,оаг
требуя,требовать
чтобы,чтобы
прежде,прежде
гондурас,гондурас
согласился,согласиться
на,на
выплату,выплата
репараций,репарация
за,за
нападения,нападение
на,на
сальвадорских,сальвадорский
граждан,гражданин
и,и
гарантировал,гарантировать
безопасность,безопасность
сальвадорцев,сальвадорец
остающихся,оставаться
в,в
гондурасе,гондурас
до,до
29,UNK
июля,июль
сальвадор,сальвадор
отказывался,отказываться
вывести,вывести
войска,войско
однако,однако
потом,потом
согласился,согласиться
к,к
такому,такой
решению,решение
его,он
склонили,склонить
с,с
одной,один
стороны,сторона
угрозы,угроза
введения,введение
экономических,экономический
санкций,санкция
со,с
стороны,сторона
оаг,оаг
а,а
с,с
другой,другой
её,её
предложения,предложение
по,по
размещению,размещение
в,в
гондурасе,гондурас
специальных,специальный
представителей,представитель
оаг,оаг
по,по
контролю,контроль
за,за
безопасностью,безопасность
сальвадорских,сальвадорский
граждан,гражданин
2,UNK
августа,август
1969,UNK
года,год
подразделения,подразделение
армии,армия
сальвадора,сальвадор
покинули,покинуть
территорию,территория
гондураса,гондурас
результаты,результат
войны,война
фактически,фактически
войну,война
проиграли,проиграть
обе,оба
стороны,сторона
военные,военный
расходы,расход
разрушения,разрушение
в,в
ходе,ход
боевых,боевой
действий,действие
закрытие,закрытие
границы,граница
и,и
прекращение,прекращение
торговли,торговля
нанесли,нанести
ущерб,ущерб
экономикам,экономика
и,и
сальвадора,сальвадор
и,и
гондураса,гондурас
в,в
ходе,ход
войны,война
погибли,погибнуть
и,и
получили,получить
ранения,ранение
несколько,несколько
тысяч,тысяча
человек,человек
хотя,хотя
в,в
различных,различный
источниках,источник
приводятся,приводиться
различные,различный
данные,дать
об,о
общем,общий
количестве,количество
жертв,жертва
конфликта,конфликт
от,от
2000,UNK
убитых,убитый
и,и
получивших,получить
тяжёлые,тяжёлый
увечья,увечье
до,до
6000,UNK
убитых,убитый
и,и
12,UNK
000,UNK
раненых,раненый
или,или
даже,даже
до,до
6000,UNK
убитых,убитый
и,и
15,UNK
000,UNK
раненых,раненый
при,при
этом,это
большинство,большинство
жертв,жертва
составляли,составлять
мирные,мирный
жители,житель
значительное,значительный
количество,количество
сальвадорцев,сальвадорец
по,по
разным,разный
данным,данные
от,от
60,UNK
до,до
130,UNK
тысяч,тысяча
человек,человек
оказались,оказаться
изгнаны,изгнать
или,или
бежали,бежать
из,из
гондураса,гондурас
многие,многие
из,из
них,они
вернулись,вернуться
в,в
сальвадор,сальвадор
что,что
вызвало,вызвать
рост,рост
безработицы,безработица
и,и
усилило,усилить
социальную,социальный
напряжённость,напряжённость
обострился,обостриться
земельный,земельный
вопрос,вопрос
при,при
этом,это
правительство,правительство
сальвадора,сальвадор
оказалось,оказаться
неспособно,неспособно
успешно,успешно
решить,решить
экономические,экономический
проблемы,проблема
связанные,связанный
с,с
появлением,появление
тысяч,тысяча
депортированных,депортированный
из,из
гондураса,гондурас
граждан,гражданин
в,в
и,и
без,без
того,тот
перенаселённой,перенаселить
стране,страна
политическое,политический
влияние,влияние
военных,военный
в,в
обеих,оба
странах,страна
усилилось,усилиться
после,после
войны,война
на,на
выборах,выборы
в,в
парламент,парламент
сальвадора,сальвадор
кандидатами,кандидат
от,от
правящей,правящий
партии,партия
национального,национальный
примирения,примирение
в,в
основном,основное
были,быть
военные,военный
100-часовая,UNK
война,война
стала,стать
одной,один
из,из
причин,причина
протестных,протестный
волнений,волнение
1970-х,UNK
годов,год
которые,который
переросли,перерасти
в,в
открытое,открытый
вооружённое,вооружённый
противостояние,противостояние
а,а
затем,затем
в,в
1979,UNK
1980,UNK
годы,год
и,и
в,в
затяжную,затяжной
гражданскую,гражданский
войну,война
убытки,убыток
гондураса,гондурас
от,от
вооружённого,вооружённый
конфликта,конфликт
с,с
сальвадором,сальвадор
составили,составить
около,около
4,UNK
млн,млн
долларов,доллар
сша,сша
однако,однако
разрыв,разрыв
торгово-экономических,UNK
отношений,отношение
с,с
сальвадором,сальвадор
и,и
стихийные,стихийный
бедствия,бедствие
ураган,ураган
франселин,франселина
и,и
наводнения,наводнение
в,в
сентябре,сентябрь
1969,UNK
года,год
осложнили,осложнить
положение,положение
в,в
стране,страна
в,в
результате,результат
уже,уже
в,в
октябре,октябрь
1969,UNK
года,год
в,в
столице,столица
и,и
других,другой
городах,город
гондураса,гондурас
прошли,пройти
демонстрации,демонстрация
с,с
призывом,призыв
к,к
восстановлению,восстановление
хороших,хороший
отношений,отношение
с,с
сальвадором,сальвадор
с,с
целью,цель
снизить,снизить
недовольство,недовольство
правительство,правительство
гондураса,гондурас
приступило,приступить
к,к
земельной,земельный
реформе,реформа
проходившей,проходить
медленно,медленно
и,и
имевшей,иметь
ограниченные,ограниченный
масштабы,масштаб
всего,весь
до,до
весны,весна
1984,UNK
года,год
было,быть
перераспределено,перераспределить
230,UNK
тысяч,тысяча
гектаров,гектар
земель,земля
в,в
основном,основное
участки,участок
ранее,ранее
принадлежавшие,принадлежать
сальвадорским,сальвадорский
переселенцам,переселенец
дипломатическое,дипломатический
урегулирование,урегулирование
активные,активный
военные,военный
действия,действие
продолжались,продолжаться
четыре,четыре
дня,день
в,в
дальнейшем,дальнейший
рассмотрение,рассмотрение
дела,дело
об,о
определении,определение
линии,линия
границы,граница
между,между
сальвадором,сальвадор
и,и
гондурасом,гондурас
продолжал,продолжать
международный,международный
суд,суд
оон,оон
в,в
декабре,декабрь
1969,UNK
года,год
на,на
границе,граница
между,между
сальвадором,сальвадор
и,и
гондурасом,гондурас
имели,иметь
место,место
вооружённые,вооружённый
столкновения,столкновение
в,в
марте,март
1970,UNK
года,год
сальвадор,сальвадор
заявил,заявить
протест,протест
в,в
оон,оон
в,в
связи,связь
с,с
тем,тем
что,что
в,в
порту,порт
амапала,амапасть
гондурас,гондурас
уничтожил,уничтожить
грузы,груз
прибывшие,прибыть
для,для
сальвадора,сальвадор
гондурас,гондурас
же,же
выдвинул,выдвинуть
ультиматум,ультиматум
к,к
сальвадору,сальвадор
с,с
требованием,требование
прекратить,прекратить
приграничные,приграничный
инциденты,инцидент
и,и
начать,начать
мирные,мирный
переговоры,переговоры
5,UNK
июня,июнь
1970,UNK
года,год
в,в
городе,город
сан-хосе,UNK
министры,министр
иностранных,иностранный
дел,дело
гондураса,гондурас
и,и
сальвадора,сальвадор
подписали,подписать
соглашение,соглашение
о,о
создании,создание
зоны,зона
безопасности,безопасность
в,в
районе,район
гондурасско-сальвадорской,UNK
границы,граница
в,в
декабре,декабрь
1970,UNK
года,год
парламент,парламент
гондураса,гондурас
утвердил,утвердить
предложение,предложение
президента,президент
страны,страна
о,о
прекращении,прекращение
действия,действие
многосторонних,многосторонний
договоров,договор
заключённых,заключить
со,с
странами,страна
центральной,центральный
америки,америка
и,и
выходе,выход
из,из
центральноамериканского,центральноамериканский
общего,общий
рынка,рынок
результатом,результат
этого,это
решения,решение
стало,стать
прекращение,прекращение
деятельности,деятельность
цаор,цаор
в,в
январе,январь
1971,UNK
года,год
гондурас,гондурас
вышел,выйти
из,из
цаор,цаор
и,и
центральноамериканского,центральноамериканский
совета,совет
обороны,оборона
в,в
апреле,апрель
июне,июнь
1971,UNK
года,год
на,на
линии,линия
границы,граница
имели,иметь
место,место
столкновения,столкновение
между,между
сальвадором,сальвадор
и,и
гондурасом,гондурас
13,UNK
июля,июль
1976,UNK
года,год
в,в
ходе,ход
демаркации,демаркация
линии,линия
границы,граница
военнослужащие,военнослужащий
гондураса,гондурас
застрелили,застрелить
двух,два
солдат,солдат
сальвадора,сальвадор
14,UNK
июля,июль
1976,UNK
на,на
границе,граница
между,между
сальвадором,сальвадор
и,и
гондурасом,гондурас
начались,начаться
столкновения,столкновение
приграничный,приграничный
конфликт,конфликт
был,быть
урегулирован,урегулировать
только,только
22,UNK
июля,июль
1976,UNK
года,год
12,UNK
августа,август
1976,UNK
года,год
в,в
манагуа,манагуа
между,между
сальвадором,сальвадор
и,и
гондурасом,гондурас
было,быть
подписано,подписать
соглашение,соглашение
о,о
демилитаризации,демилитаризация
пограничной,пограничный
зоны,зона
и,и
взаимном,взаимный
отводе,отвод
войск,войско
на,на
расстояние,расстояние
3,UNK
км,км
от,от
линии,линия
границы,граница
мирный,мирный
договор,договор
между,между
двумя,два
странами,страна
el,el
tratado,tratado
general,general
de,de
paz,paz
был,быть
подписан,подписать
только,только
30,UNK
октября,октябрь
1980,UNK
года,год
в,в
президентском,президентский
дворце,дворец
в,в
столице,столица
перу,перу
лиме,лима
одиннадцать,одиннадцать
лет,год
спустя,спустя
войны,война
линия,линия
границы,граница
между,между
странами,страна
была,быть
окончательно,окончательно
установлена,установить
решением,решение
международного,международный
суда,суд
оон,оон
11,UNK
сентября,сентябрь
1992,UNK
года,год
память,память
в,в
столице,столица
сальвадора,сальвадор
в,в
память,память
о,о
участниках,участник
войны,война
1969,UNK
года,год
была,быть
названа,назвать
улица,улица
бульвар,бульвар
героев,герой
в,в
городе,город
сан,сан
хосе,хосе
де,де
ла,ла
фуэнте,фуэнт
департамент,департамент
ла-уньон,UNK
сальвадор,сальвадор
установлен,установить
памятник,памятник
капитану,капитан
гильермо,гильермо
рейнальдо,рейнальдо
кортесу,кортес
guillermo,guillermo
reynaldo,reynaldo
cortez,cortez
пилоту,пилот
ввс,ввс
сальвадора,сальвадор
погибшему,погибнуть
в,в
воздушном,воздушный
бою,бой
с,с
истребителями,истребитель
ввс,ввс
гондураса,гондурас
в,в
50-летие,UNK
войны,война
ветераны,ветеран
вооружённых,вооружённый
сил,сила
сальвадора,сальвадор
были,быть
награждены,наградить
нагрудным,нагрудный
знаком,знак
veterano,veterano
por,por
la,la
dignidad,dignidad
nacional,nacional
дополнительная,дополнительный
информация,информация
футбольная,футбольный
война,война
часто,часто
упоминается,упоминаться
как,как
последний,последний
в,в
истории,история
конфликт,конфликт
в,в
котором,который
друг,друг
против,против
друга,друг
сражались,сражаться
винтовые,винтовой
самолёты,самолёт
с,с
поршневыми,поршневой
двигателями,двигатель
обе,оба
стороны,сторона
использовали,использовать
американские,американский
самолёты,самолёт
времён,время
второй,второй
мировой,мировой
войны,война
p-51,UNK
мустанг,мустанг
f4u,UNK
корсар,корсар
t-28,UNK
троян,троян
и,и
переоборудованные,переоборудовать
в,в
бомбардировщики,бомбардировщик
dc-3,UNK
непосредственно,непосредственно
перед,перед
началом,начало
войны,война
по,по
меньшей,малый
мере,мера
один,один
транспортный,транспортный
самолёт,самолёт
c-47,UNK
военно-воздушных,UNK
сил,сила
сальвадора,сальвадор
был,быть
переоборудован,переоборудовать
для,для
использования,использование
в,в
качестве,качество
бомбардировщика,бомбардировщик
бомбы,бомба
были,быть
размещены,разместить
в,в
грузовом,грузовой
отсеке,отсек
после,после
начала,начало
войны,война
таким,такой
же,же
образом,образ
были,быть
переоборудованы,переоборудовать
несколько,несколько
c-47,UNK
военно-воздушных,UNK
сил,сила
гондураса,гондурас
помимо,помимо
авиабомб,авиабомба
для,для
бомбардировки,бомбардировка
использовались,использоваться
60-мм,UNK
и,и
81-мм,UNK
миномётные,миномётный
мины,мина
результаты,результат
футбольных,футбольный
матчей,матч
6,UNK
июня,июнь
1969,UNK
года,год
тегусигальпа,тегусигальпа
гондурас,гондурас
гондурас,гондурас
сальвадор,сальвадор
5,UNK
2,UNK
3,UNK
1,UNK
после,после
первого,первый
тайма,тайм
15,UNK
июня,июнь
1969,UNK
года,год
сан-сальвадор,UNK
сальвадор,сальвадор
гондурас,гондурас
4,UNK
2,UNK
3,UNK
0,UNK
матч,матч
плей-офф,UNK
27,UNK
июня,июнь
мехико,мехико
мексика,мексика
сальвадор,сальвадор
гондурас,гондурас
3,UNK
2,UNK
в,в
дополнительное,дополнительный
время,время
1,UNK
2,UNK
2,UNK
2,UNK
обыграв,обыграть
осенью,осень
в,в
финальном,финальный
этапе,этап
отбора,отбор
гаитян,гаитянин
сборная,сборная
сальвадора,сальвадор
по,по
футболу,футбол
впервые,впервые
в,в
своей,свой
истории,история
вышла,выйти
в,в
финальную,финальный
часть,часть
чемпионата,чемпионат
мира,мир
1970,UNK
года,год
по,по
футболу,футбол
где,где
заняла,занять
последнее,последний
место,место
проиграв,проиграть
всухую,всухую
во,в
всех,весь
матчах,матч
примечания,примечание
литература,литература
николаев,николаев
п,п
и,и
сальвадорско-гондурасская,UNK
драма,драма
латинская,латинский
америка,америка
журнал,журнал
1970,UNK
6,UNK
ryszard,ryszard
kapu,kapu
ci,ci
ski,ski
wojna,wojna
futbolowa,futbolowa
warszawa,warszawa
1978,UNK
262,UNK
strony,strony
пол,пол
william,william
h,h
durham,durham
scarcity,scarcity
and,and
survival,survival
in,in
central,central
america,america
ecological,ecological
origins,origins
of,of
the,the
soccer,soccer
war,war
stanford,stanford
california,california
stanford,stanford
university,university
press,press
1979,UNK
англ,англ
thomas,thomas
p,p
anderson,anderson
the,the
war,war
of,of
the,the
dispossessed,dispossessed
honduras,honduras
and,and
el,el
salvador,salvador
1969,UNK
lincoln,lincoln
university,university
of,of
nebraska,nebraska
press,press
1981,UNK
англ,англ
juan,juan
ram,ram
n,n
mart,mart
nez,nez
la,la
guerra,guerra
de,de
1969,UNK
ense,ense
anzas,anzas
y,y
valoraciones,valoraciones
выпуск,выпуск
la,la
tribuna,tribuna
14,UNK
июля,июль
2013,UNK
г,г
максим,максим
райдер,райдер
футбольная,футбольный
война,война
интернет-сайт,UNK
уголок,уголок
неба,небо
подробности,подробность
войны,война
в,в
воздухе,воздух
ссылки,ссылка
soccer,soccer
war,war
1969,UNK
интернет-сайт,UNK
armed,armed
conflict,conflict
events,events
database,database
футбольная,футбольный
война,война
интернет-сайт,UNK
conflictologist,conflictologist
org,org
guerra,guerra
de,de
la,la
cien,cien
horas,horas
подшивка,подшивка
посвящённых,посвятить
войне,война
статей,стать
газеты,газета
la,la
prensa,prensa
grafica,grafica
за,за
14,UNK
20,UNK
июля,июль
1969,UNK
г,г
land,land
island,island
and,and
maritime,maritime
frontier,frontier
dispute,dispute
el,el
salvador,salvador
honduras,honduras
nicaragua,nicaragua
intervening,intervening
summary,summary
of,of
the,the
judgment,judgment
of,of
11,UNK
september,september
1992,UNK
футбол,футбол
это,это
война,война
иногда,иногда
вполне,вполне
реальная,реальный
русская,русский
служба,служба
би-би-си,UNK
