token,count
▁,1377
е,594
▁в,431
и,424
а,413
",",382
.,302
1,296
о,286
9,254
▁и,197
т,187
я,184
х,179
▁с,178
0,168
у,159
н,156
ы,142
▁на,137
м,136
▁«,136
й,133
(,125
▁по,123
2,118
»,117
в,110
6,107
р,103
-,103
с,101
з,97
ж,97
д,95
),92
ой,89
п,87
ю,87
б,79
7,79
4,78
3,77
ь,75
—,72
▁гондураса,71
к,69
▁==,68
ом,67
ли,66
▁к,66
▁был,62
ст,61
ш,59
8,59
ов,59
ц,58
ка,57
:,57
5,56
ни,56
ра,55
ого,54
ая,53
▁года,53
ми,53
a,52
l,52
▁за,51
да,51
ся,49
e,49
▁у,48
г,48
▁не,46
де,44
ла,44
ть,44
▁из,43
i,42
▁сальвадора,42
на,41
э,40
ар,40
ч,40
ло,39
ск,38
л,38
ый,37
ен,37
ем,36
o,36
го,36
▁г,35
▁при,35
d,35
▁со,34
щ,34
▁году,34
c,34
▁гондурас,34
).,33
ет,33
▁от,33
ых,33
ле,33
▁м,31
его,31
▁грант,31
▁об,31
y,31
ей,30
↑,30
n,30
ую,29
▁фильм,28
их,28
s,28
▁сальвадорски,28
но,27
ва,27
ё,27
по,27
тр,27
▁он,26
▁до,26
ль,26
▁сборн,26
▁июля,26
гр,25
b,25
▁правительств,25
▁ре,24
ер,24
t,24
▁сальвадор,24
та,23
ий,23
▁вы,23
▁про,23
▁это,23
▁что,22
ок,22
начал,22
ил,22
мо,21
ны,21
▁после,21
g,21
ки,20
▁так,20
▁дл,20
».,20
▁===,20
ев,19
▁ст,19
ча,19
или,19
▁стал,19
m,19
▁между,19
▁территории,19
▁f,18
ar,18
▁которы,17
▁дву,17
би,17
му,17
лен,17
лись,17
/,17
ран,16
▁июня,16
▁место,16
ного,16
англ,16
▁пере,16
▁кино,16
ной,16
лу,16
ения,16
▁раз,16
u,16
ров,16
▁сальвадором,16
как,15
ная,15
ась,15
▁же,15
ди,15
ам,15
вал,15
▁самолёт,15
v,15
▁граждан,15
ф,14
▁карьер,14
ных,14
▁два,14
ами,14
▁p,14
ые,14
ные,14
▁чемпионат,14
▁сальвадорцев,14
▁войны,14
▁границы,14
▁ро,13
са,13
▁но,13
▁сил,13
ор,13
ило,13
сь,13
;,13
er,13
on,13
▁мира,13
мя,12
ал,12
американск,12
▁гранта,12
▁сво,12
ля,12
▁фильмов,12
ход,12
▁те,12
▁роль,12
фи,12
сти,12
ение,12
▁север,12
▁состав,12
w,12
h,12
▁тысяч,12
▁время,11
ном,11
ись,11
▁работ,11
▁бо,11
▁город,11
аль,11
▁одно,11
car,11
▁гондурасом,11
▁военны,11
ник,10
ился,10
▁участи,10
▁годов,10
▁одн,10
▁под,10
нд,10
▁армии,10
▁групп,10
▁is,10
▁кинтаниль,10
▁гол,10
футбольн,10
▁странами,10
▁центрально,10
▁район,10
▁гондурасски,10
▁действи,10
вс,10
лось,9
ённы,9
мен,9
ным,9
▁актёра,9
эри,9
театр,9
▁сша,9
▁нескольк,9
r,9
вши,9
▁кр,9
▁свое,9
вер,9
▁больш,9
следующи,9
▁перв,9
▁все,9
▁de,9
▁th,9
of,9
▁grant,9
p,9
or,9
▁конкакаф,9
▁война,9
против,9
▁страны,9
▁сан,9
▁боле,8
▁бе,8
▁том,8
ания,8
▁год,8
▁годы,8
▁снял,8
▁комеди,8
реди,8
ющих,8
чение,8
золото,8
▁успех,8
мер,8
ство,8
▁продолжал,8
un,8
ним,8
рин,8
▁картин,8
ольк,8
▁без,8
ость,8
тельно,8
ская,8
пе,8
▁котор,8
▁пред,8
▁част,8
ss,8
an,8
▁матч,8
▁конфликт,8
▁футболу,8
▁сальвадорско,8
прав,8
z,8
▁лини,8
▁войска,8
́,7
▁памятник,7
▁того,7
лся,7
тек,7
около,7
меч,7
▁актёрск,7
▁получил,7
нимал,7
▁участием,7
▁пят,7
▁самы,7
▁начало,7
▁стране,7
▁второ,7
пер,7
вос,7
▁фильмы,7
▁бы,7
k,7
ia,7
▁данн,7
▁актёр,7
ёл,7
тера,7
▁ден,7
▁военно,7
бор,7
▁занял,7
it,7
▁стран,7
▁земель,7
экономически,7
▁президент,7
▁боевы,7
▁пушкин,6
бли,6
▁дом,6
ирован,6
▁спис,6
▁драм,6
▁период,6
кон,6
▁романтическ,6
▁национальн,6
оскар,6
▁истории,6
ког,6
смотр,6
▁критиков,6
▁чере,6
▁появ,6
вать,6
ыграл,6
▁ко,6
ках,6
роли,6
вмест,6
питан,6
▁человек,6
▁результат,6
▁сам,6
ладель,6
сел,6
▁рас,6
▁один,6
ации,6
ако,6
▁которых,6
шёл,6
при,6
nt,6
f,6
ch,6
▁pre,6
j,6
ra,6
сайт,6
играл,6
▁чемпион,6
▁матчах,6
▁забил,6
▁вооружённы,6
▁команд,6
▁турнира,6
▁финальн,6
сальвадор,6
▁столкновени,6
стрел,6
▁конфликта,6
▁гондурасск,6
▁заявил,6
рос,6
▁прекращени,6
▁войск,6
▁стороны,6
as,6
▁мест,5
▁история,5
▁находи,5
▁котором,5
▁проект,5
▁други,5
ошки,5
▁радио,5
хват,5
▁хичкок,5
▁явля,5
жды,5
вший,5
▁выступ,5
▁оста,5
▁исполн,5
ру,5
▁различны,5
▁включ,5
чны,5
▁pa,5
ател,5
▁съём,5
▁успешн,5
▁спустя,5
анта,5
форм,5
▁имел,5
нё,5
▁режиссёр,5
обно,5
ших,5
▁кру,5
работ,5
▁хосе,5
запад,5
▁последне,5
▁промышленн,5
велич,5
▁американски,5
me,5
ers,5
gra,5
▁футбол,5
▁позици,5
▁войне,5
▁турнир,5
▁матча,5
▁футбольны,5
▁сентябр,5
▁отборочн,5
▁америки,5
▁дв,5
▁январ,5
часов,5
▁торгов,5
▁дополнительн,5
▁соглашени,5
▁положени,5
населённы,5
▁земли,5
мигрантов,5
селения,5
лё,5
▁отношения,5
▁ответ,5
▁границ,5
▁воздушно,5
▁сбит,5
воздушн,5
▁оаг,5
▁установлен,4
▁поздн,4
▁октябр,4
тери,4
тора,4
▁представля,4
▁высоко,4
ходят,4
▁кинокарьер,4
▁голливуд,4
мать,4
▁комедийн,4
▁преимуществ,4
▁внес,4
честв,4
▁постановк,4
▁девят,4
▁пользовал,4
ировал,4
▁расс,4
▁оцен,4
▁трудност,4
▁предложил,4
▁контракт,4
сона,4
▁эти,4
несли,4
▁мелодрам,4
ью,4
▁предста,4
▁хепбёрн,4
▁заключ,4
col,4
ur,4
es,4
ыми,4
тельны,4
▁лиш,4
▁популярность,4
▁приобр,4
фф,4
▁акцент,4
▁мног,4
образ,4
▁рабоч,4
▁девушк,4
▁верну,4
лучш,4
▁журнал,4
▁номинаци,4
первы,4
▁друг,4
▁убит,4
вес,4
пл,4
истер,4
вшего,4
▁участвовал,4
слав,4
▁половин,4
▁должн,4
▁воз,4
▁иностранны,4
▁en,4
ta,4
in,4
▁соглас,4
чес,4
▁источник,4
io,4
for,4
ok,4
ham,4
исп,4
▁авто,4
▁основн,4
▁куб,4
▁этапа,4
счёт,4
▁погиб,4
▁достижени,4
▁фифа,4
▁таким,4
▁вооружённо,4
ведения,4
▁обыгра,4
▁кубк,4
uer,4
▁дней,4
▁обеи,4
▁дем,4
▁дел,4
▁предоставлен,4
▁развит,4
▁подписан,4
▁договор,4
▁четыр,4
▁цаор,4
▁затем,4
▁вопрос,4
густ,4
земельн,4
▁собственност,4
▁пункт,4
▁произошл,4
▁отношени,4
требова,4
▁занят,4
▁рассмотре,4
▁напряж,4
▁усили,4
▁использова,4
▁протест,4
▁тегусигальп,4
▁нападени,4
▁выступил,4
▁размещен,4
▁приграничны,4
▁вылетевши,4
▁дня,4
▁нуэва,4
окотепеке,4
▁интерн,4
▁столиц,4
▁истребителя,4
▁гаранти,4
▁безопасност,4
▁and,4
▁рождени,3
▁русск,3
ооружён,3
▁прове,3
скоре,3
▁почт,3
N,3
строен,3
▁открыт,3
позиция,3
▁бронзовы,3
амент,3
крас,3
▁создан,3
след,3
▁кинематографе,3
десят,3
▁известност,3
▁благод,3
▁альфред,3
▁сидни,3
▁донена,3
ряд,3
естр,3
▁конгресса,3
тическо,3
актёров,3
дро,3
▁присоединил,3
▁трупп,3
пан,3
циальны,3
▁отправил,3
времен,3
▁месяц,3
▁зрителей,3
▁оконча,3
▁номер,3
икл,3
▁хам,3
комп,3
дцат,3
▁реши,3
про,3
студ,3
ram,3
ическ,3
▁принял,3
кур,3
овали,3
▁приключенческ,3
▁вышл,3
кор,3
▁коммерческ,3
▁план,3
▁срок,3
um,3
▁позвол,3
▁соответств,3
▁знако,3
топ,3
▁правд,3
елл,3
разд,3
▁принят,3
▁публико,3
▁остр,3
екта,3
▁главн,3
▁сыгра,3
▁лю,3
▁роджер,3
▁чрезвычайн,3
▁третий,3
▁триллер,3
▁плей,3
▁начина,3
▁геро,3
▁соверш,3
финал,3
▁впоследствии,3
очн,3
▁площад,3
▁шпион,3
инг,3
рейн,3
стро,3
копа,3
▁дальнейш,3
▁значительны,3
что,3
▁джин,3
быва,3
ошла,3
операци,3
берт,3
▁документальны,3
▁короткометражны,3
шоу,3
верси,3
▁рейтинг,3
▁шест,3
x,3
art,3
land,3
▁ссылк,3
▁участник,3
рот,3
альянс,3
▁титул,3
▁марте,3
онсе,3
▁последни,3
▁жизн,3
▁мексик,3
tbol,3
honduras,3
▁международн,3
▁организаци,3
федераци,3
▁поднял,3
▁провел,3
гуа,3
▁проигры,3
▁непосредственн,3
ничь,3
▁призёр,3
▁образом,3
▁soccer,3
▁стади,3
▁проигра,3
веден,3
остояни,3
▁официальн,3
▁сторон,3
▁рынка,3
▁причин,3
▁оказал,3
▁экономик,3
▁экономическо,3
▁декабр,3
▁возник,3
▁задолженност,3
▁проблем,3
▁поселенц,3
▁государств,3
▁испытывал,3
▁переселен,3
закон,3
▁гвардии,3
▁инцидент,3
сторонни,3
▁объявил,3
выход,3
▁апреле,3
▁беженцев,3
▁заявлени,3
▁дипломатическ,3
▁жертв,3
▁транспортны,3
▁артиллери,3
▁командовани,3
▁подразделени,3
▁сообщ,3
▁наступление,3
▁батальон,3
▁бомби,3
двинул,3
департамент,3
stan,3
▁урегулирован,3
▁зон,3
▁предложени,3
бомб,3
▁решени,3
▁мирны,3
▁оон,3
▁переоборудован,3
▁бауманск,2
▁скульптурн,2
▁изображени,2
▁предполага,2
▁писател,2
▁александр,2
▁сергеевич,2
сследовани,2
▁установ,2
▁школ,2
▁скульптор,2
▁четырёх,2
▁гранита,2
▁отличи,2
▁многочисленн,2
▁возрасте,2
▁мемориальн,2
▁констан,2
▁творчески,2
▁полнометражны,2
▁водевил,2
▁бродве,2
▁небольш,2
▁хоукса,2
▁шелдон,2
картин,2
▁класс,2
▁историческо,2
▁номин,2
▁глобус,2
▁кинематографа,2
▁арчибальд,2
▁акробатическим,2
▁ходулях,2
▁гастрол,2
хороши,2
▁дебют,2
▁неоднозначн,2
▁молод,2
▁шуберт,2
▁уильям,2
спектакл,2
▁киноиндустрии,2
▁подписал,2
▁глубин,2
сильви,2
▁закрепил,2
▁провальны,2
▁плохо,2
крылья,2
ошен,2
▁кинолента,2
▁благо,2
▁отзывы,2
▁культов,2
▁статус,2
▁британско,2
▁ангел,2
▁уникальн,2
▁обществ,2
точк,2
▁супруг,2
стюарт,2
критиками,2
▁пригласил,2
▁сотрудничеств,2
влекательн,2
▁счастлив,2
▁удосто,2
▁критики,2
пущен,2
▁фрэнк,2
бергман,2
▁публики,2
кризис,2
▁высок,2
▁значительно,2
ъ,2
▁процесс,2
▁критическ,2
▁роман,2
▁продолж,2
▁четвёрт,2
боле,2
▁известн,2
▁звёзд,2
▁достиг,2
▁деятельност,2
=,2
являл,2
еребр,2
afi,2
▁времён,2
▁единственн,2
nald,2
ning,2
air,2
sele,2
ebra,2
rey,2
▁america,2
▁inter,2
movie,2
▁database,2
▁анто,2
é,2
защит,2
▁известен,2
▁шестидневн,2
▁решающ,2
▁гибел,2
▁победител,2
ó,2
ú,2
▁управля,2
▁гватемал,2
▁огранич,2
▁медленно,2
▁поводо,2
торым,2
▁испани,2
ционно,2
▁эрнан,2
▁скоротечн,2
▁объясня,2
▁название,2
▁интеграци,2
▁свободн,2
основ,2
гондурас,2
билизаци,2
▁вынужден,2
%,2
▁имущества,2
▁контрол,2
▁привод,2
миграции,2
▁крестьян,2
▁населён,2
льскохозяйственн,2
▁нелегальны,2
▁меньш,2
плату,2
тельств,2
▁перераспределен,2
▁пограничн,2
▁грузовик,2
политически,2
сложн,2
▁забастовк,2
▁осадно,2
▁подавлен,2
▁документ,2
▁высыл,2
▁требу,2
▁массово,2
▁информаци,2
▁развёрнут,2
тянул,2
▁служб,2
▁недовольство,2
▁поддержк,2
▁масштаб,2
▁флаг,2
▁министр,2
▁преследования,2
▁угроз,2
▁штурмовик,2
▁авиабаз,2
orte,2
ñ,2
▁военнослужащи,2
▁пехотн,2
▁генерал,2
▁принадлежа,2
▁истребителей,2
действ,2
▁воздух,2
стояние,2
▁переговор,2
▁авиабомб,2
ступил,2
▁прекрати,2
▁получ,2
▁призыв,2
▁количеств,2
▁памят,2
acion,2
▁бомбардировщик,2
▁disp,2
▁salvador,2
▁conflict,2
„,1
“,1
«,1
q,1
á,1
ś,1
ń,1
í,1
